User_ID,Name,Book_Title,Genre,Read_Date,Reading_Duration_Minutes,Rating,Device,Region
2686,Zoe Saldana,The Great Adventure,Science,2023-08-04,55,1.4,Tablet,Asia
2828,Brie Larson,Business Strategies,History,2023-05-23,66,4.7,Tablet,Africa
5757,Dave Bautista,Mystery of the Lost Island,Mystery,2024-07-17,179,2.4,Desktop,Asia
8637,Zoe Saldana,Science and Innovation,History,2023-12-08,106,1.2,Mobile,Asia
1057,Elizabeth Olsen,Mystery of the Lost Island,Biography,2023-10-23,178,3.4,Desktop,North America
4013,Benedict Wong,Deep Space Mysteries,Fiction,2023-06-12,119,2.2,Desktop,North America
9293,Tom Holland,The Great Adventure,Science,2024-08-29,204,1.0,Desktop,South America
2496,Robert Downey Jr.,Self-Improvement Guide,Science,2024-03-02,154,1.4,Desktop,South America
5388,Zoe Saldana,The Great Adventure,Science,2024-08-18,293,1.3,Mobile,North America
4584,Tom Hiddleston,Deep Space Mysteries,History,2024-02-26,105,2.2,Mobile,North America
4631,Robert Downey Jr.,Mystery of the Lost Island,Fiction,2023-04-05,203,4.0,Desktop,Europe
8375,Elizabeth Olsen,Science and Innovation,Non-Fiction,2024-12-22,10,3.0,Mobile,North America
4870,Chris Evans,The Great Adventure,Technology,2024-04-11,127,4.9,Desktop,Africa
2345,Tom Holland,The Great Adventure,History,2025-01-25,275,1.3,Desktop,Europe
2693,Tom Holland,Biography of a Genius,Non-Fiction,2023-09-26,88,4.8,Desktop,Africa
1398,Jeremy Renner,Science and Innovation,Fiction,2024-03-18,280,3.4,Tablet,Africa
5765,Jeremy Renner,Biography of a Genius,Mystery,2024-03-04,57,3.5,Mobile,Asia
9505,Paul Rudd,Deep Space Mysteries,Technology,2024-07-01,161,2.5,Tablet,Europe
8292,Anthony Mackie,The Fantasy Realm,Self-Help,2023-04-18,89,4.4,Desktop,Asia
1691,Chris Hemsworth,Learning Python,Biography,2023-03-26,71,4.7,Desktop,Europe
4286,Sebastian Stan,Deep Space Mysteries,Science,2024-08-13,17,3.5,Tablet,North America
8053,Sebastian Stan,History of the World,History,2024-07-31,155,1.1,Tablet,Asia
6277,Benedict Cumberbatch,Learning Python,Mystery,2023-03-05,194,4.5,Desktop,Asia
3501,Chris Hemsworth,Deep Space Mysteries,Fantasy,2023-11-16,145,3.2,Desktop,Africa
4792,Jeremy Renner,Science and Innovation,Science,2024-04-14,59,1.4,Mobile,South America
6152,Zoe Saldana,Business Strategies,History,2023-07-17,255,1.1,Tablet,Australia
3693,Benedict Wong,History of the World,Mystery,2023-12-21,74,4.4,Mobile,North America
7218,Don Cheadle,History of the World,Biography,2024-02-27,298,1.7,Desktop,North America
7030,Paul Rudd,Science and Innovation,Technology,2023-06-15,295,3.2,Mobile,North America
2464,Benedict Wong,Science and Innovation,Self-Help,2023-08-04,144,2.2,Tablet,South America
6198,Tom Hiddleston,Business Strategies,Self-Help,2024-09-22,216,2.9,Tablet,Europe
9039,Robert Downey Jr.,The Great Adventure,Technology,2024-08-24,5,3.5,Tablet,Europe
4782,Don Cheadle,The Future of AI,Science,2024-07-03,164,4.8,Tablet,North America
6173,Samuel L. Jackson,History of the World,Fiction,2024-05-02,277,4.8,Desktop,Australia
6299,Zoe Saldana,Science and Innovation,Fiction,2023-03-05,250,2.9,Tablet,Asia
7991,Jeremy Renner,Biography of a Genius,Technology,2025-02-23,179,1.6,Tablet,Africa
1781,Benedict Wong,Science and Innovation,History,2023-11-20,244,4.1,Mobile,Australia
6052,Scarlett Johansson,Mystery of the Lost Island,Biography,2024-12-06,28,3.2,Mobile,Australia
4346,Elizabeth Olsen,The Future of AI,Non-Fiction,2025-01-27,78,5.0,Desktop,Africa
3472,Dave Bautista,Self-Improvement Guide,Self-Help,2023-06-18,37,2.3,Tablet,South America
7841,Dave Bautista,Biography of a Genius,History,2024-01-16,254,4.3,Mobile,Australia
3898,Chris Hemsworth,Self-Improvement Guide,Self-Help,2023-03-29,126,2.2,Tablet,South America
5733,Robert Downey Jr.,Learning Python,Biography,2023-03-31,139,4.1,Desktop,Europe
7538,Robert Downey Jr.,Self-Improvement Guide,Self-Help,2024-10-06,186,1.0,Tablet,South America
2751,Robert Downey Jr.,Deep Space Mysteries,Mystery,2024-01-26,260,3.3,Mobile,Africa
4224,Zoe Saldana,Business Strategies,Self-Help,2023-07-01,91,1.3,Desktop,Australia
7776,Jeremy Renner,The Future of AI,Biography,2023-07-14,57,1.8,Mobile,South America
2605,Dave Bautista,Mystery of the Lost Island,History,2024-04-27,202,4.5,Tablet,South America
1553,Tom Holland,The Fantasy Realm,Fiction,2024-02-04,9,4.1,Tablet,Asia
3899,Chris Evans,Learning Python,Fantasy,2023-12-22,167,4.7,Desktop,Africa
6025,Tom Holland,Learning Python,History,2023-07-27,242,3.6,Desktop,Australia
5593,Mark Ruffalo,Self-Improvement Guide,Non-Fiction,2024-07-24,287,2.8,Desktop,Europe
6675,Don Cheadle,Learning Python,Mystery,2023-12-06,267,1.0,Desktop,North America
5113,Zoe Saldana,The Great Adventure,Fantasy,2023-07-28,274,4.3,Mobile,Africa
9731,Chris Evans,The Great Adventure,Mystery,2024-06-03,17,1.3,Tablet,Australia
7974,Paul Rudd,Self-Improvement Guide,Non-Fiction,2024-06-11,183,3.0,Mobile,Africa
2873,Brie Larson,The Fantasy Realm,Non-Fiction,2023-06-13,249,2.9,Tablet,North America
1673,Dave Bautista,The Future of AI,History,2024-05-14,285,4.6,Desktop,Asia
9134,Chris Hemsworth,Learning Python,Mystery,2024-03-25,169,4.7,Tablet,Africa
5838,Elizabeth Olsen,Mystery of the Lost Island,Non-Fiction,2024-06-07,157,2.1,Desktop,Asia
9773,Chris Hemsworth,History of the World,Science,2024-08-03,175,4.1,Mobile,Asia
1644,Benedict Cumberbatch,Learning Python,History,2023-06-16,299,1.7,Desktop,Asia
2959,Anthony Mackie,Science and Innovation,Non-Fiction,2024-06-01,281,3.2,Tablet,Asia
4737,Chadwick Boseman,The Future of AI,Self-Help,2023-05-26,222,2.2,Desktop,Australia
7438,Brie Larson,The Future of AI,Biography,2024-05-03,299,4.0,Tablet,Asia
2665,Tom Hiddleston,Biography of a Genius,Science,2023-04-23,138,1.1,Mobile,Africa
7692,Jeremy Renner,Deep Space Mysteries,Science,2024-03-21,286,2.6,Desktop,Australia
5710,Don Cheadle,Business Strategies,Fiction,2025-02-19,264,2.8,Desktop,North America
1215,Samuel L. Jackson,History of the World,Biography,2024-02-10,125,1.7,Tablet,Australia
4536,Mark Ruffalo,Deep Space Mysteries,Fiction,2023-04-28,166,1.2,Desktop,North America
6298,Anthony Mackie,The Great Adventure,Fiction,2023-04-04,110,2.4,Tablet,Asia
9982,Scarlett Johansson,Science and Innovation,Science,2024-11-17,57,2.0,Desktop,Australia
3803,Paul Rudd,Deep Space Mysteries,Fiction,2024-02-21,148,3.1,Mobile,South America
8139,Brie Larson,The Fantasy Realm,Biography,2024-09-20,298,1.2,Tablet,Europe
6924,Scarlett Johansson,Mystery of the Lost Island,Fantasy,2023-12-06,173,4.7,Tablet,Asia
6325,Chris Evans,Biography of a Genius,Mystery,2024-07-04,176,1.4,Tablet,North America
7631,Chadwick Boseman,Learning Python,Fiction,2023-05-10,82,2.5,Tablet,Europe
2105,Samuel L. Jackson,Mystery of the Lost Island,Technology,2023-12-13,269,3.2,Tablet,Asia
7260,Benedict Wong,Learning Python,Non-Fiction,2024-07-09,55,2.6,Mobile,North America
3813,Tom Hiddleston,Mystery of the Lost Island,Technology,2025-02-05,17,2.8,Mobile,Africa
2516,Chris Hemsworth,The Fantasy Realm,History,2023-07-23,144,1.5,Tablet,Australia
1015,Tom Holland,The Great Adventure,Technology,2024-02-04,230,3.4,Tablet,Asia
6109,Mark Ruffalo,Deep Space Mysteries,Fiction,2024-07-11,178,2.8,Mobile,Europe
8704,Benedict Cumberbatch,The Great Adventure,Fiction,2024-09-06,10,2.3,Tablet,North America
2104,Zoe Saldana,Biography of a Genius,Science,2025-02-17,251,2.6,Desktop,Africa
5452,Benedict Cumberbatch,Biography of a Genius,History,2025-02-25,7,3.3,Mobile,South America
5332,Chris Hemsworth,Learning Python,Fiction,2024-04-11,80,1.3,Mobile,South America
4261,Dave Bautista,The Great Adventure,Self-Help,2024-07-05,52,3.3,Tablet,Africa
7188,Chris Evans,Science and Innovation,Non-Fiction,2023-07-01,48,2.3,Desktop,South America
7433,Benedict Wong,Science and Innovation,Technology,2024-01-03,260,1.7,Tablet,Asia
8089,Jeremy Renner,The Great Adventure,Fantasy,2023-09-28,166,4.5,Desktop,Europe
7149,Chadwick Boseman,The Great Adventure,Technology,2023-08-06,30,3.1,Tablet,Africa
2584,Don Cheadle,Mystery of the Lost Island,Non-Fiction,2024-04-02,245,4.1,Mobile,South America
1413,Benedict Cumberbatch,The Fantasy Realm,Mystery,2024-07-03,255,2.9,Mobile,North America
7542,Don Cheadle,The Great Adventure,Mystery,2023-11-12,271,4.8,Desktop,Asia
2980,Benedict Wong,Biography of a Genius,Fantasy,2024-01-21,222,1.1,Desktop,South America
9953,Elizabeth Olsen,Science and Innovation,Biography,2023-06-27,33,1.4,Desktop,Africa
9521,Chris Evans,Deep Space Mysteries,Biography,2024-07-31,184,5.0,Tablet,Europe
3430,Robert Downey Jr.,The Future of AI,Self-Help,2024-10-04,76,2.7,Tablet,North America
9945,Elizabeth Olsen,The Future of AI,Biography,2023-11-28,59,2.9,Mobile,Asia
5555,Tom Holland,Self-Improvement Guide,Mystery,2023-07-10,10,1.5,Desktop,North America
3392,Chadwick Boseman,Learning Python,Technology,2023-12-14,241,1.3,Mobile,North America
6231,Jeremy Renner,Deep Space Mysteries,Mystery,2024-08-26,25,3.3,Tablet,Australia
8573,Benedict Wong,Science and Innovation,Self-Help,2025-02-23,128,3.0,Desktop,South America
4040,Zoe Saldana,Science and Innovation,Fantasy,2023-07-02,66,1.2,Desktop,South America
1271,Anthony Mackie,Business Strategies,Biography,2024-03-26,138,2.8,Mobile,Australia
8824,Chris Hemsworth,Deep Space Mysteries,Fiction,2023-11-01,69,3.0,Mobile,Europe
4849,Sebastian Stan,The Great Adventure,Science,2023-11-02,267,3.0,Tablet,Asia
5898,Brie Larson,The Fantasy Realm,Self-Help,2023-10-05,158,1.2,Mobile,South America
5164,Chris Hemsworth,The Future of AI,Fiction,2023-07-11,283,1.5,Mobile,Europe
6257,Don Cheadle,Deep Space Mysteries,History,2024-01-27,188,4.6,Mobile,Asia
1812,Chris Hemsworth,The Future of AI,History,2023-03-13,15,2.2,Tablet,Africa
8225,Robert Downey Jr.,Deep Space Mysteries,Biography,2023-10-12,11,4.7,Tablet,Asia
1771,Chris Hemsworth,The Great Adventure,Science,2024-01-19,92,1.2,Tablet,Asia
6093,Tom Holland,History of the World,Non-Fiction,2023-07-30,9,2.5,Mobile,Australia
2450,Tom Hiddleston,Science and Innovation,Technology,2025-01-20,209,4.2,Tablet,Africa
4470,Paul Rudd,Learning Python,Self-Help,2023-04-02,118,1.5,Desktop,Europe
4178,Scarlett Johansson,Learning Python,Science,2023-11-29,84,1.1,Desktop,South America
5972,Mark Ruffalo,History of the World,Technology,2024-04-08,23,1.8,Tablet,South America
4777,Chadwick Boseman,The Future of AI,Non-Fiction,2023-06-13,132,3.5,Mobile,North America
1403,Chris Evans,Mystery of the Lost Island,Science,2024-06-30,219,1.9,Mobile,Europe
9775,Tom Holland,History of the World,Self-Help,2024-07-30,103,1.1,Desktop,Africa
1953,Chris Evans,Biography of a Genius,Biography,2024-12-13,293,3.9,Mobile,Australia
8154,Zoe Saldana,Mystery of the Lost Island,History,2024-04-28,92,2.8,Desktop,North America
7295,Brie Larson,The Great Adventure,Mystery,2023-07-03,158,2.1,Tablet,Africa
5734,Tom Holland,Biography of a Genius,History,2024-01-21,9,1.3,Tablet,Asia
6592,Scarlett Johansson,The Fantasy Realm,Science,2024-08-22,160,4.9,Tablet,Europe
8472,Chadwick Boseman,Mystery of the Lost Island,Science,2024-12-15,38,3.1,Tablet,Africa
7327,Brie Larson,History of the World,Fantasy,2024-07-08,116,3.6,Mobile,Europe
9234,Benedict Cumberbatch,Deep Space Mysteries,Science,2024-09-12,150,3.1,Mobile,South America
8359,Tom Holland,Deep Space Mysteries,History,2023-07-05,140,1.7,Mobile,North America
4736,Sebastian Stan,The Future of AI,Science,2023-03-07,212,3.7,Mobile,Australia
5694,Samuel L. Jackson,History of the World,Non-Fiction,2023-05-10,185,3.5,Tablet,Africa
7525,Jeremy Renner,Biography of a Genius,Mystery,2023-09-12,26,4.3,Mobile,Africa
8641,Benedict Cumberbatch,Mystery of the Lost Island,Biography,2025-02-16,104,2.8,Desktop,Europe
8825,Sebastian Stan,Deep Space Mysteries,Technology,2025-02-16,146,4.0,Mobile,Australia
3178,Jeremy Renner,Learning Python,Fantasy,2023-05-09,109,3.9,Tablet,South America
1522,Brie Larson,Business Strategies,Non-Fiction,2024-01-08,13,2.8,Mobile,North America
5613,Robert Downey Jr.,Learning Python,Fiction,2025-01-25,92,2.2,Mobile,Europe
4095,Elizabeth Olsen,Business Strategies,Self-Help,2023-06-24,124,1.0,Desktop,Europe
9007,Anthony Mackie,Mystery of the Lost Island,History,2023-10-19,205,1.7,Mobile,Africa
7913,Benedict Wong,Biography of a Genius,Fantasy,2024-06-03,224,4.1,Tablet,North America
4733,Don Cheadle,The Future of AI,Biography,2024-03-16,192,4.4,Desktop,North America
5950,Brie Larson,Self-Improvement Guide,Fantasy,2023-06-07,242,4.3,Desktop,Asia
4857,Robert Downey Jr.,The Great Adventure,Fantasy,2024-03-31,260,1.2,Tablet,Asia
3528,Tom Hiddleston,Deep Space Mysteries,History,2024-08-19,247,4.6,Tablet,Asia
4221,Don Cheadle,Biography of a Genius,Mystery,2024-07-21,167,4.4,Tablet,Africa
9845,Zoe Saldana,Mystery of the Lost Island,History,2024-08-18,280,3.3,Desktop,Africa
9942,Samuel L. Jackson,Mystery of the Lost Island,Self-Help,2024-07-08,292,4.8,Mobile,Asia
4957,Jeremy Renner,Biography of a Genius,Non-Fiction,2023-05-30,242,3.0,Desktop,Africa
9105,Elizabeth Olsen,The Great Adventure,Fantasy,2023-04-10,43,1.3,Desktop,Europe
4705,Chris Evans,Self-Improvement Guide,History,2024-04-09,228,3.9,Mobile,South America
3013,Dave Bautista,Business Strategies,Non-Fiction,2024-01-23,182,1.1,Desktop,Africa
4765,Anthony Mackie,The Fantasy Realm,History,2023-10-10,59,4.5,Desktop,North America
8301,Benedict Cumberbatch,The Future of AI,Mystery,2024-10-30,184,4.7,Mobile,Australia
6247,Anthony Mackie,Science and Innovation,History,2023-04-28,203,1.5,Mobile,Asia
9063,Benedict Wong,Deep Space Mysteries,Science,2023-05-05,270,4.8,Mobile,North America
9902,Sebastian Stan,The Future of AI,Self-Help,2024-04-05,232,4.5,Tablet,Europe
4079,Paul Rudd,Mystery of the Lost Island,Mystery,2024-05-24,184,1.5,Tablet,Europe
7718,Paul Rudd,Self-Improvement Guide,Science,2024-02-26,132,3.5,Tablet,South America
5511,Tom Holland,Business Strategies,History,2024-07-22,280,2.3,Desktop,Europe
4132,Robert Downey Jr.,Business Strategies,Non-Fiction,2024-06-23,113,4.5,Desktop,Asia
7296,Sebastian Stan,Science and Innovation,Biography,2023-03-11,120,2.1,Desktop,North America
7662,Anthony Mackie,Biography of a Genius,Science,2024-07-09,100,1.8,Tablet,Asia
9225,Jeremy Renner,The Great Adventure,History,2023-12-29,118,2.1,Desktop,South America
6786,Scarlett Johansson,The Fantasy Realm,Mystery,2023-12-19,164,1.7,Desktop,Australia
8215,Tom Holland,Biography of a Genius,History,2024-09-17,21,4.9,Mobile,South America
8614,Paul Rudd,Science and Innovation,Technology,2023-08-22,232,4.6,Mobile,Europe
5531,Dave Bautista,Self-Improvement Guide,Non-Fiction,2023-12-04,159,1.8,Mobile,Australia
5253,Chris Evans,The Future of AI,Technology,2025-01-18,251,4.3,Tablet,North America
7964,Dave Bautista,Biography of a Genius,Technology,2024-03-31,95,4.4,Mobile,Asia
2150,Brie Larson,Self-Improvement Guide,Non-Fiction,2023-08-09,294,3.0,Mobile,Africa
1296,Sebastian Stan,Business Strategies,Fantasy,2024-10-01,168,2.7,Mobile,Asia
3624,Chadwick Boseman,Self-Improvement Guide,History,2024-03-13,280,1.3,Tablet,South America
9396,Chris Hemsworth,The Fantasy Realm,Technology,2024-09-04,122,3.4,Desktop,Australia
7509,Chris Evans,History of the World,History,2025-02-07,231,3.4,Mobile,Africa
9534,Samuel L. Jackson,Mystery of the Lost Island,Technology,2023-12-30,113,2.2,Tablet,South America
6695,Paul Rudd,Self-Improvement Guide,Technology,2023-10-12,207,4.1,Mobile,Asia
1047,Mark Ruffalo,The Fantasy Realm,Science,2024-01-28,101,3.0,Desktop,North America
2679,Samuel L. Jackson,Mystery of the Lost Island,Fiction,2024-06-05,144,3.0,Tablet,Australia
4753,Brie Larson,The Future of AI,Fiction,2024-05-02,139,2.3,Tablet,Australia
3264,Dave Bautista,Biography of a Genius,Science,2024-02-17,83,2.9,Desktop,South America
7704,Don Cheadle,Biography of a Genius,History,2023-04-04,212,1.8,Mobile,Europe
5818,Anthony Mackie,The Great Adventure,Fantasy,2023-10-22,99,4.5,Tablet,North America
3056,Paul Rudd,Biography of a Genius,Biography,2023-03-31,66,1.9,Tablet,Europe
6103,Tom Holland,Learning Python,History,2024-10-06,81,4.8,Mobile,North America
7441,Dave Bautista,Learning Python,History,2024-01-16,156,2.4,Mobile,Australia
2442,Elizabeth Olsen,The Future of AI,Fiction,2024-04-01,239,2.1,Desktop,Australia
2165,Chris Evans,Biography of a Genius,Biography,2025-03-03,67,1.9,Mobile,Australia
5668,Jeremy Renner,History of the World,Non-Fiction,2025-02-15,38,1.0,Tablet,South America
3603,Samuel L. Jackson,Deep Space Mysteries,Biography,2024-01-23,42,1.2,Tablet,North America
9385,Tom Holland,History of the World,History,2023-10-30,113,4.1,Tablet,South America
5280,Scarlett Johansson,Biography of a Genius,Mystery,2023-09-28,274,4.1,Tablet,Europe
1097,Samuel L. Jackson,The Great Adventure,Fantasy,2023-04-22,197,4.6,Desktop,South America
8627,Mark Ruffalo,Deep Space Mysteries,Biography,2024-12-08,210,2.8,Mobile,Asia
1909,Benedict Wong,Business Strategies,Mystery,2024-03-02,292,2.9,Desktop,Australia
8715,Samuel L. Jackson,History of the World,Fantasy,2023-05-28,232,1.7,Desktop,Europe
4386,Elizabeth Olsen,Self-Improvement Guide,Non-Fiction,2023-06-12,7,2.3,Tablet,Europe
8880,Jeremy Renner,Mystery of the Lost Island,Fantasy,2023-07-22,203,2.0,Desktop,South America
4718,Chadwick Boseman,Biography of a Genius,Science,2023-06-03,199,2.4,Tablet,Europe
7562,Sebastian Stan,Self-Improvement Guide,Biography,2024-01-28,144,4.6,Desktop,North America
4331,Paul Rudd,The Future of AI,Science,2023-12-16,25,2.4,Tablet,Africa
4643,Samuel L. Jackson,The Great Adventure,Technology,2024-12-02,126,3.9,Tablet,Asia
6604,Elizabeth Olsen,Mystery of the Lost Island,Biography,2023-05-27,26,1.8,Tablet,North America
3001,Jeremy Renner,Biography of a Genius,Technology,2023-09-22,160,4.2,Tablet,Europe
6819,Mark Ruffalo,Learning Python,Biography,2024-01-03,16,2.5,Mobile,Africa
4500,Samuel L. Jackson,Biography of a Genius,Technology,2024-03-14,132,3.8,Tablet,South America
3540,Zoe Saldana,The Future of AI,Fiction,2024-07-09,227,4.4,Tablet,Australia
9834,Chris Evans,The Great Adventure,Technology,2023-05-19,63,4.0,Tablet,Australia
1125,Zoe Saldana,History of the World,Self-Help,2023-05-18,42,3.6,Tablet,South America
9221,Jeremy Renner,Mystery of the Lost Island,Self-Help,2023-10-24,101,3.5,Tablet,South America
1016,Paul Rudd,Learning Python,Mystery,2023-11-10,20,1.4,Tablet,Europe
6466,Scarlett Johansson,Business Strategies,Self-Help,2023-08-20,292,2.6,Tablet,Europe
4160,Samuel L. Jackson,Science and Innovation,Technology,2024-03-14,167,4.3,Tablet,Africa
9150,Scarlett Johansson,History of the World,Science,2023-09-09,280,1.6,Tablet,North America
9988,Scarlett Johansson,Learning Python,Mystery,2023-11-12,198,2.2,Tablet,Africa
3024,Paul Rudd,Biography of a Genius,Self-Help,2024-07-31,55,2.3,Desktop,Europe
7671,Sebastian Stan,The Fantasy Realm,Biography,2024-12-07,236,1.2,Tablet,Australia
9062,Tom Holland,The Great Adventure,Science,2024-07-06,19,3.6,Mobile,Australia
1393,Elizabeth Olsen,The Future of AI,Self-Help,2023-12-30,86,4.9,Desktop,Europe
6532,Jeremy Renner,Self-Improvement Guide,Fiction,2024-09-11,89,3.3,Tablet,Africa
7617,Benedict Cumberbatch,The Great Adventure,Science,2023-07-24,185,1.6,Tablet,Europe
6730,Robert Downey Jr.,Deep Space Mysteries,History,2024-10-17,41,1.7,Desktop,Europe
4353,Don Cheadle,Biography of a Genius,Science,2023-06-06,49,4.6,Mobile,Africa
7177,Dave Bautista,Learning Python,Non-Fiction,2024-06-28,163,3.7,Desktop,South America
2793,Tom Hiddleston,Biography of a Genius,Mystery,2024-08-02,287,1.1,Tablet,Australia
6339,Tom Holland,Science and Innovation,Science,2025-01-07,88,3.6,Tablet,Australia
2046,Samuel L. Jackson,Biography of a Genius,Biography,2023-06-08,142,4.7,Desktop,South America
7537,Sebastian Stan,Learning Python,Mystery,2024-06-23,190,2.7,Mobile,Australia
7546,Mark Ruffalo,The Future of AI,Mystery,2024-05-24,265,2.1,Tablet,Africa
3223,Elizabeth Olsen,Deep Space Mysteries,Fiction,2024-12-22,175,2.6,Desktop,North America
6931,Sebastian Stan,Self-Improvement Guide,Biography,2023-06-06,281,4.6,Tablet,South America
4799,Anthony Mackie,Mystery of the Lost Island,Fiction,2023-08-01,202,4.4,Tablet,North America
7536,Scarlett Johansson,Mystery of the Lost Island,Fantasy,2024-03-19,218,2.9,Tablet,South America
2431,Tom Hiddleston,Biography of a Genius,Science,2023-08-24,153,2.9,Desktop,South America
5868,Scarlett Johansson,Self-Improvement Guide,Technology,2024-10-02,254,4.4,Mobile,Australia
5840,Zoe Saldana,Business Strategies,Biography,2023-06-05,101,4.8,Mobile,Asia
4984,Sebastian Stan,Learning Python,Mystery,2025-02-06,66,4.6,Desktop,Asia
3145,Tom Hiddleston,The Future of AI,History,2024-04-14,55,2.2,Tablet,Europe
6839,Chris Evans,The Future of AI,Fantasy,2023-10-11,179,1.0,Mobile,Asia
8711,Dave Bautista,The Great Adventure,Mystery,2024-10-08,299,3.6,Desktop,North America
9188,Zoe Saldana,Deep Space Mysteries,Self-Help,2024-01-26,175,5.0,Desktop,South America
9554,Sebastian Stan,Business Strategies,Non-Fiction,2025-03-03,250,2.9,Mobile,Europe
9996,Anthony Mackie,Self-Improvement Guide,Mystery,2024-04-24,229,1.3,Tablet,South America
9635,Don Cheadle,Self-Improvement Guide,Fantasy,2024-09-13,175,4.6,Tablet,Australia
5299,Sebastian Stan,History of the World,Fiction,2024-04-06,156,1.8,Tablet,South America
3233,Brie Larson,The Fantasy Realm,Fiction,2024-01-14,130,2.3,Desktop,Europe
1778,Jeremy Renner,Biography of a Genius,Biography,2023-10-16,284,1.8,Mobile,Africa
8112,Sebastian Stan,The Future of AI,Mystery,2023-05-19,221,1.7,Tablet,North America
9143,Elizabeth Olsen,Biography of a Genius,Science,2024-02-04,240,2.4,Desktop,Africa
3609,Dave Bautista,The Future of AI,History,2023-08-29,14,1.1,Mobile,Europe
6346,Chris Hemsworth,Deep Space Mysteries,Fantasy,2024-03-01,77,2.6,Mobile,Australia
8273,Samuel L. Jackson,The Great Adventure,Non-Fiction,2023-08-22,41,3.2,Tablet,Asia
4723,Chris Hemsworth,Self-Improvement Guide,Biography,2023-11-10,198,3.7,Mobile,Australia
8904,Elizabeth Olsen,Biography of a Genius,Mystery,2024-12-23,66,2.0,Tablet,Africa
1069,Tom Hiddleston,Business Strategies,Fiction,2023-09-06,213,3.2,Mobile,Africa
7511,Samuel L. Jackson,Business Strategies,Non-Fiction,2025-02-22,212,2.8,Mobile,Africa
4969,Paul Rudd,Self-Improvement Guide,Technology,2024-03-03,105,2.9,Mobile,Asia
6771,Tom Holland,Self-Improvement Guide,Mystery,2024-02-26,89,2.8,Tablet,Asia
4645,Jeremy Renner,Business Strategies,Non-Fiction,2023-03-18,23,2.0,Mobile,Asia
1042,Chadwick Boseman,Self-Improvement Guide,Biography,2023-11-18,134,3.6,Desktop,Africa
1561,Sebastian Stan,The Fantasy Realm,Fantasy,2023-11-24,195,4.3,Tablet,North America
5991,Tom Holland,The Fantasy Realm,Non-Fiction,2023-05-06,67,1.5,Desktop,South America
6069,Chadwick Boseman,History of the World,Biography,2024-06-21,250,2.6,Tablet,North America
3713,Chadwick Boseman,The Fantasy Realm,Fantasy,2023-04-13,296,1.6,Desktop,Asia
5951,Don Cheadle,The Future of AI,Fantasy,2025-02-09,247,3.9,Desktop,Europe
6493,Dave Bautista,Learning Python,Science,2023-11-04,59,4.0,Mobile,Europe
9342,Scarlett Johansson,Deep Space Mysteries,Fantasy,2024-01-16,272,3.7,Desktop,Africa
8256,Benedict Cumberbatch,The Fantasy Realm,Self-Help,2024-08-10,270,1.4,Mobile,Europe
2279,Zoe Saldana,Mystery of the Lost Island,Science,2024-03-31,81,1.0,Desktop,North America
8992,Anthony Mackie,Learning Python,History,2023-09-20,181,1.1,Tablet,Australia
9185,Paul Rudd,The Fantasy Realm,Technology,2023-05-29,187,4.1,Desktop,Australia
2369,Benedict Wong,Mystery of the Lost Island,Non-Fiction,2023-12-24,43,1.9,Mobile,Australia
2884,Sebastian Stan,Self-Improvement Guide,Mystery,2023-04-26,5,4.1,Mobile,North America
5674,Mark Ruffalo,Mystery of the Lost Island,Technology,2024-12-16,66,1.7,Desktop,South America
2094,Benedict Cumberbatch,The Great Adventure,Fiction,2023-10-20,19,1.2,Tablet,North America
6966,Paul Rudd,Science and Innovation,Self-Help,2023-04-26,229,1.8,Mobile,Australia
7958,Chadwick Boseman,The Fantasy Realm,Technology,2023-08-04,193,4.4,Mobile,Africa
2869,Jeremy Renner,History of the World,Self-Help,2023-06-12,240,2.5,Mobile,Australia
1954,Elizabeth Olsen,The Fantasy Realm,Non-Fiction,2024-10-25,125,3.7,Tablet,Asia
5094,Sebastian Stan,Deep Space Mysteries,History,2023-08-17,299,3.1,Tablet,Europe
8754,Chadwick Boseman,Biography of a Genius,History,2024-10-05,266,4.4,Tablet,South America
3925,Don Cheadle,The Great Adventure,Non-Fiction,2023-07-17,195,2.9,Desktop,Australia
7670,Paul Rudd,Learning Python,Self-Help,2024-09-01,247,2.1,Desktop,Australia
2039,Brie Larson,Deep Space Mysteries,History,2023-11-17,146,3.8,Desktop,Australia
7089,Mark Ruffalo,The Fantasy Realm,Science,2023-12-18,55,4.7,Desktop,Asia
3831,Tom Holland,The Future of AI,Non-Fiction,2023-08-11,194,3.1,Desktop,Asia
2702,Brie Larson,The Great Adventure,Science,2023-04-29,100,3.7,Mobile,Asia
9574,Dave Bautista,The Fantasy Realm,Non-Fiction,2025-01-29,95,4.2,Mobile,Europe
9456,Tom Holland,The Fantasy Realm,Technology,2024-08-13,180,1.4,Tablet,Asia
6018,Chris Evans,History of the World,Fantasy,2024-10-18,287,2.9,Mobile,Asia
7021,Scarlett Johansson,The Fantasy Realm,Biography,2023-07-17,88,1.5,Desktop,South America
9491,Tom Holland,Mystery of the Lost Island,Fiction,2023-05-17,123,3.5,Tablet,Asia
2276,Elizabeth Olsen,Science and Innovation,Mystery,2023-03-27,117,4.7,Tablet,Africa
7723,Chris Evans,Mystery of the Lost Island,History,2024-02-03,7,3.0,Desktop,Australia
9824,Scarlett Johansson,Learning Python,Fiction,2023-11-16,109,3.7,Mobile,North America
8554,Paul Rudd,Deep Space Mysteries,Non-Fiction,2023-12-08,241,2.6,Mobile,Europe
8963,Mark Ruffalo,Self-Improvement Guide,History,2024-03-12,183,4.9,Tablet,Africa
3959,Tom Hiddleston,The Great Adventure,Non-Fiction,2024-10-17,167,2.8,Tablet,North America
3402,Mark Ruffalo,The Fantasy Realm,Technology,2024-05-13,77,3.7,Desktop,Europe
3555,Scarlett Johansson,Business Strategies,Fiction,2023-10-29,37,1.2,Tablet,Asia
9961,Dave Bautista,The Fantasy Realm,Science,2024-01-31,96,1.4,Mobile,Europe
5224,Chadwick Boseman,Science and Innovation,Fiction,2024-06-12,136,2.1,Mobile,Asia
7138,Chadwick Boseman,The Fantasy Realm,History,2023-12-19,300,2.3,Desktop,Asia
2634,Paul Rudd,Deep Space Mysteries,History,2024-02-01,168,2.1,Mobile,South America
9389,Elizabeth Olsen,Biography of a Genius,History,2024-05-02,299,2.3,Desktop,Europe
3529,Jeremy Renner,Business Strategies,Fantasy,2024-08-12,47,3.9,Mobile,Australia
4508,Chris Hemsworth,The Fantasy Realm,Biography,2024-10-06,7,2.3,Tablet,Europe
8355,Benedict Cumberbatch,Self-Improvement Guide,Technology,2025-01-21,152,3.4,Mobile,Australia
8671,Sebastian Stan,Science and Innovation,Fiction,2023-05-01,165,5.0,Tablet,Europe
6140,Zoe Saldana,Biography of a Genius,Fiction,2024-11-06,182,3.0,Tablet,Africa
9948,Chris Evans,Self-Improvement Guide,Non-Fiction,2025-02-21,40,2.1,Tablet,Europe
2285,Chris Hemsworth,Self-Improvement Guide,Technology,2023-08-23,294,3.0,Desktop,Asia
7308,Samuel L. Jackson,The Future of AI,Self-Help,2023-10-02,197,1.7,Desktop,Asia
5789,Sebastian Stan,Science and Innovation,Self-Help,2023-08-20,10,2.5,Mobile,Europe
1810,Chris Evans,The Future of AI,Biography,2024-05-04,176,3.6,Mobile,South America
7999,Chadwick Boseman,The Future of AI,Science,2023-04-27,114,3.9,Mobile,South America
8925,Dave Bautista,Biography of a Genius,Mystery,2024-03-24,151,2.0,Desktop,South America
4917,Tom Hiddleston,The Future of AI,Non-Fiction,2024-02-17,106,3.8,Desktop,Africa
3891,Zoe Saldana,Deep Space Mysteries,Self-Help,2024-09-29,5,3.8,Desktop,Europe
4725,Don Cheadle,Learning Python,Fantasy,2024-11-24,199,4.7,Tablet,Europe
6031,Chadwick Boseman,Mystery of the Lost Island,Biography,2024-10-14,228,2.0,Mobile,Asia
2589,Mark Ruffalo,The Fantasy Realm,Self-Help,2024-11-02,172,1.8,Desktop,North America
1777,Benedict Cumberbatch,Deep Space Mysteries,Biography,2024-05-26,166,3.8,Mobile,North America
9111,Chris Evans,Biography of a Genius,Fantasy,2024-02-09,276,1.8,Desktop,North America
3614,Brie Larson,The Great Adventure,Science,2023-04-09,210,2.1,Tablet,Australia
4542,Chris Evans,Biography of a Genius,Non-Fiction,2024-10-11,81,2.9,Desktop,Africa
7331,Zoe Saldana,Deep Space Mysteries,Fantasy,2023-10-14,66,2.2,Desktop,Australia
6508,Jeremy Renner,History of the World,Technology,2024-09-27,177,1.3,Desktop,South America
8239,Dave Bautista,Self-Improvement Guide,Fantasy,2024-01-06,61,2.9,Desktop,North America
7532,Robert Downey Jr.,Business Strategies,Fiction,2023-05-24,13,3.6,Desktop,South America
1868,Chadwick Boseman,Mystery of the Lost Island,History,2024-02-13,223,1.4,Tablet,Europe
7140,Brie Larson,The Future of AI,Fantasy,2025-02-11,293,2.7,Tablet,Australia
7479,Anthony Mackie,Mystery of the Lost Island,Biography,2025-02-27,139,1.4,Desktop,North America
4005,Sebastian Stan,History of the World,History,2023-05-20,262,2.1,Desktop,South America
3384,Don Cheadle,Business Strategies,History,2024-05-05,34,2.2,Tablet,Africa
2742,Benedict Cumberbatch,Science and Innovation,Biography,2024-06-18,257,2.3,Desktop,Asia
5580,Don Cheadle,History of the World,Biography,2024-04-29,206,2.8,Mobile,Africa
5883,Benedict Wong,Business Strategies,Science,2024-11-25,263,3.9,Tablet,Europe
3826,Dave Bautista,Business Strategies,Science,2024-01-11,115,2.9,Desktop,Australia
3571,Dave Bautista,History of the World,Biography,2024-05-06,252,2.2,Tablet,North America
8507,Elizabeth Olsen,The Fantasy Realm,Fiction,2023-08-29,145,3.5,Tablet,Asia
4751,Robert Downey Jr.,History of the World,History,2024-06-13,223,4.1,Mobile,South America
7838,Chris Hemsworth,Biography of a Genius,Mystery,2024-04-05,54,1.9,Desktop,Asia
2478,Dave Bautista,Self-Improvement Guide,Non-Fiction,2025-01-12,121,1.1,Mobile,South America
5307,Benedict Cumberbatch,Mystery of the Lost Island,Self-Help,2024-11-01,257,2.3,Tablet,Asia
8330,Elizabeth Olsen,The Future of AI,Biography,2023-03-22,144,4.6,Mobile,North America
2558,Benedict Wong,Business Strategies,Technology,2024-05-08,17,2.9,Desktop,Asia
9263,Benedict Wong,The Great Adventure,History,2024-10-13,142,1.1,Tablet,Africa
2707,Chadwick Boseman,History of the World,Self-Help,2024-01-20,24,3.8,Mobile,Australia
9819,Tom Holland,The Fantasy Realm,Science,2024-11-16,270,3.3,Mobile,South America
2287,Jeremy Renner,Business Strategies,Science,2023-04-23,297,4.7,Desktop,North America
8922,Chris Hemsworth,Mystery of the Lost Island,Fiction,2023-08-13,172,2.0,Tablet,South America
7372,Benedict Cumberbatch,Business Strategies,Science,2023-07-25,74,2.9,Tablet,Asia
7208,Anthony Mackie,Biography of a Genius,Fiction,2024-02-26,261,2.9,Mobile,Europe
4368,Benedict Cumberbatch,Self-Improvement Guide,Fiction,2024-05-14,226,2.4,Mobile,Australia
1795,Dave Bautista,Business Strategies,Self-Help,2023-04-20,33,3.2,Tablet,North America
4987,Jeremy Renner,The Future of AI,Fantasy,2024-09-08,227,4.6,Tablet,Africa
5706,Anthony Mackie,The Future of AI,Technology,2023-04-28,261,3.9,Desktop,Africa
8061,Chadwick Boseman,The Future of AI,Science,2023-03-29,88,3.1,Mobile,Australia
5792,Tom Holland,The Future of AI,Science,2024-09-29,75,3.9,Tablet,Australia
7255,Anthony Mackie,The Future of AI,Non-Fiction,2024-06-29,265,1.5,Desktop,Australia
4107,Samuel L. Jackson,Learning Python,Mystery,2024-08-10,276,1.6,Desktop,Australia
6914,Benedict Wong,The Great Adventure,Biography,2024-06-27,21,1.3,Mobile,Asia
4265,Tom Hiddleston,Self-Improvement Guide,Fantasy,2024-06-05,35,5.0,Desktop,South America
4841,Tom Holland,Science and Innovation,Biography,2023-03-05,11,3.2,Desktop,South America
5043,Chris Hemsworth,Mystery of the Lost Island,Fantasy,2023-05-23,87,3.4,Desktop,North America
8033,Chris Evans,Business Strategies,Technology,2024-05-26,260,1.2,Tablet,Asia
1760,Anthony Mackie,Learning Python,Technology,2024-07-21,202,1.6,Desktop,Australia
1892,Dave Bautista,The Future of AI,Fiction,2024-11-21,244,2.9,Mobile,South America
3369,Mark Ruffalo,Business Strategies,Fiction,2025-02-28,241,4.6,Desktop,Europe
4300,Tom Hiddleston,The Future of AI,Fiction,2024-08-31,138,3.1,Mobile,Africa
9711,Tom Holland,Mystery of the Lost Island,Science,2025-01-18,225,4.4,Mobile,Europe
3063,Zoe Saldana,The Great Adventure,Technology,2023-03-17,148,2.8,Desktop,Australia
7447,Paul Rudd,Learning Python,Fantasy,2023-06-30,6,4.0,Tablet,Europe
8008,Anthony Mackie,Self-Improvement Guide,Fantasy,2023-10-15,269,3.7,Tablet,North America
7592,Brie Larson,The Fantasy Realm,Fiction,2023-09-26,296,4.0,Mobile,Africa
3927,Anthony Mackie,The Future of AI,Mystery,2024-07-20,159,4.0,Desktop,North America
5649,Benedict Cumberbatch,Business Strategies,Mystery,2023-05-01,169,1.8,Tablet,Australia
8653,Tom Holland,The Great Adventure,Mystery,2023-06-29,207,4.0,Desktop,Australia
4033,Robert Downey Jr.,History of the World,Biography,2024-05-15,154,1.9,Tablet,North America
9908,Anthony Mackie,Business Strategies,Non-Fiction,2023-10-16,100,4.4,Mobile,Africa
2581,Elizabeth Olsen,Biography of a Genius,Fiction,2024-01-08,89,1.6,Tablet,Europe
7394,Anthony Mackie,The Great Adventure,Mystery,2023-03-13,51,4.9,Tablet,North America
6811,Scarlett Johansson,Self-Improvement Guide,Self-Help,2024-11-24,246,4.8,Desktop,Africa
9914,Tom Holland,History of the World,Technology,2024-06-22,230,1.5,Desktop,South America
6144,Benedict Cumberbatch,Mystery of the Lost Island,Fantasy,2024-11-23,155,1.9,Tablet,North America
8681,Chadwick Boseman,History of the World,Science,2024-01-31,131,4.2,Desktop,North America
9320,Sebastian Stan,Biography of a Genius,Non-Fiction,2024-01-17,184,1.9,Tablet,North America
2292,Chris Hemsworth,History of the World,Science,2023-06-09,110,2.8,Desktop,Australia
1128,Sebastian Stan,History of the World,Non-Fiction,2024-07-21,276,1.2,Tablet,Australia
7039,Elizabeth Olsen,Deep Space Mysteries,Self-Help,2024-01-27,198,2.0,Tablet,Africa
9160,Elizabeth Olsen,Business Strategies,Non-Fiction,2023-12-12,179,4.4,Mobile,Australia
9361,Chadwick Boseman,Biography of a Genius,Technology,2024-11-04,73,1.8,Mobile,Europe
5453,Mark Ruffalo,Self-Improvement Guide,History,2024-08-17,293,3.3,Tablet,South America
4818,Sebastian Stan,The Great Adventure,Mystery,2024-12-31,164,3.4,Mobile,Europe
6648,Scarlett Johansson,History of the World,Science,2023-04-06,14,2.7,Tablet,Australia
2187,Brie Larson,History of the World,Technology,2023-03-25,167,2.4,Tablet,South America
4090,Chris Evans,The Fantasy Realm,Science,2024-09-04,46,1.0,Mobile,Asia
7859,Robert Downey Jr.,Business Strategies,Fiction,2023-08-09,193,2.3,Tablet,Europe
8056,Elizabeth Olsen,Mystery of the Lost Island,Fiction,2024-03-28,298,4.5,Tablet,Europe
4174,Robert Downey Jr.,History of the World,Science,2023-03-22,223,4.2,Tablet,Africa
8815,Dave Bautista,Science and Innovation,Science,2023-09-15,82,2.3,Mobile,North America
8530,Zoe Saldana,The Fantasy Realm,Biography,2023-04-30,282,2.8,Tablet,Africa
6885,Chadwick Boseman,Biography of a Genius,Biography,2024-10-16,82,2.0,Mobile,North America
2472,Don Cheadle,History of the World,Non-Fiction,2024-07-17,148,3.0,Mobile,Asia
9367,Tom Hiddleston,The Fantasy Realm,Science,2024-07-12,292,3.7,Desktop,Africa
7171,Robert Downey Jr.,Business Strategies,Biography,2023-04-20,215,4.3,Mobile,Australia
5132,Dave Bautista,Self-Improvement Guide,Technology,2023-08-03,84,3.1,Desktop,Australia
3023,Elizabeth Olsen,The Fantasy Realm,Mystery,2023-10-23,181,3.7,Desktop,Africa
5026,Jeremy Renner,Science and Innovation,Non-Fiction,2024-07-28,233,2.3,Tablet,Australia
9415,Chris Hemsworth,The Future of AI,Biography,2024-11-02,94,3.5,Desktop,Australia
8969,Dave Bautista,The Fantasy Realm,Technology,2023-04-29,46,2.4,Mobile,Australia
2821,Sebastian Stan,Business Strategies,Non-Fiction,2024-05-12,203,2.1,Tablet,Australia
2330,Mark Ruffalo,Business Strategies,Fiction,2024-06-10,134,4.4,Desktop,Asia
5159,Tom Hiddleston,Science and Innovation,Mystery,2023-11-22,85,4.9,Desktop,Africa
9208,Chris Evans,Science and Innovation,Fiction,2024-09-04,92,2.2,Tablet,South America
9187,Tom Holland,Mystery of the Lost Island,Non-Fiction,2024-07-23,52,2.1,Mobile,Africa
5487,Sebastian Stan,Science and Innovation,Mystery,2024-12-06,274,2.6,Tablet,Asia
6741,Mark Ruffalo,The Fantasy Realm,Fiction,2024-12-11,214,2.2,Tablet,Africa
5071,Chadwick Boseman,Deep Space Mysteries,Self-Help,2023-05-19,231,4.9,Tablet,North America
8914,Brie Larson,Science and Innovation,Fantasy,2025-02-16,122,4.8,Mobile,North America
9602,Chris Hemsworth,The Future of AI,Self-Help,2025-01-12,94,5.0,Tablet,South America
7941,Chris Hemsworth,Self-Improvement Guide,Fantasy,2024-09-17,137,3.8,Tablet,Asia
3839,Don Cheadle,The Great Adventure,Biography,2024-05-17,92,3.8,Desktop,Europe
5899,Chris Hemsworth,Self-Improvement Guide,Non-Fiction,2024-05-10,285,1.6,Desktop,Africa
3627,Dave Bautista,Deep Space Mysteries,Self-Help,2023-09-13,69,4.7,Desktop,Europe
7950,Don Cheadle,Mystery of the Lost Island,Self-Help,2025-02-20,56,1.2,Desktop,South America
3730,Paul Rudd,Science and Innovation,Self-Help,2024-03-02,13,3.5,Tablet,South America
9285,Robert Downey Jr.,Business Strategies,Mystery,2024-08-25,251,1.4,Desktop,North America
1107,Zoe Saldana,Science and Innovation,Non-Fiction,2023-03-18,123,1.5,Mobile,Africa
5302,Samuel L. Jackson,Learning Python,Science,2023-08-16,50,1.3,Desktop,Europe
9673,Brie Larson,Business Strategies,Fiction,2024-10-07,221,1.6,Tablet,Europe
7011,Mark Ruffalo,Science and Innovation,History,2023-07-28,193,1.9,Desktop,South America
8804,Robert Downey Jr.,The Future of AI,Science,2024-03-17,137,3.1,Mobile,North America
3312,Samuel L. Jackson,Deep Space Mysteries,Technology,2023-09-03,252,4.2,Tablet,South America
8667,Chris Evans,Deep Space Mysteries,Biography,2024-11-06,238,2.7,Desktop,Australia
3773,Don Cheadle,Self-Improvement Guide,Biography,2023-09-24,220,2.5,Tablet,North America
9519,Anthony Mackie,Science and Innovation,Self-Help,2024-02-21,118,2.9,Tablet,Asia
2766,Dave Bautista,Biography of a Genius,Technology,2023-06-24,17,1.5,Tablet,Europe
5022,Tom Holland,Science and Innovation,Self-Help,2025-02-15,208,1.3,Desktop,Europe
9980,Elizabeth Olsen,Learning Python,Non-Fiction,2024-07-31,224,3.8,Tablet,South America
3560,Robert Downey Jr.,Learning Python,History,2024-04-28,177,3.8,Desktop,Australia
8021,Tom Hiddleston,Mystery of the Lost Island,Non-Fiction,2024-02-03,191,2.3,Tablet,Asia
4375,Benedict Cumberbatch,Biography of a Genius,Science,2024-10-29,105,3.7,Desktop,North America
7482,Tom Holland,Business Strategies,Mystery,2024-08-21,247,2.9,Desktop,Africa
7352,Sebastian Stan,The Great Adventure,Self-Help,2025-01-13,184,3.5,Tablet,North America
2705,Zoe Saldana,Learning Python,Fantasy,2023-05-29,173,1.7,Tablet,North America
4951,Benedict Cumberbatch,Biography of a Genius,Biography,2023-08-19,263,4.3,Tablet,Europe
4450,Mark Ruffalo,Learning Python,Science,2023-08-16,138,3.4,Tablet,South America
8633,Brie Larson,Biography of a Genius,Mystery,2024-07-12,44,1.4,Tablet,South America
1539,Don Cheadle,The Great Adventure,Fiction,2023-10-19,63,1.1,Tablet,Australia
5414,Benedict Cumberbatch,The Great Adventure,Biography,2023-11-27,142,3.1,Mobile,Africa
8240,Jeremy Renner,History of the World,Science,2023-08-16,124,4.7,Tablet,North America
3400,Sebastian Stan,Biography of a Genius,Mystery,2024-06-20,86,2.8,Tablet,Asia
3948,Paul Rudd,Science and Innovation,Self-Help,2023-04-10,99,3.2,Desktop,Africa
7181,Dave Bautista,Science and Innovation,Fantasy,2024-02-28,118,1.5,Desktop,Africa
9530,Paul Rudd,Learning Python,Non-Fiction,2024-02-23,108,3.2,Desktop,Africa
9067,Paul Rudd,Biography of a Genius,Science,2024-12-22,212,4.3,Desktop,Africa
9675,Elizabeth Olsen,The Fantasy Realm,Science,2023-10-12,89,2.2,Mobile,North America
8427,Jeremy Renner,Science and Innovation,Fiction,2024-01-29,6,2.3,Desktop,Australia
1123,Zoe Saldana,The Future of AI,Self-Help,2023-07-21,176,1.5,Tablet,Europe
5974,Benedict Wong,The Great Adventure,Mystery,2023-08-02,299,1.3,Desktop,Asia
2911,Jeremy Renner,Learning Python,History,2023-09-22,172,4.6,Mobile,North America
7080,Elizabeth Olsen,Deep Space Mysteries,Fantasy,2024-03-02,140,4.4,Mobile,South America
5822,Benedict Cumberbatch,Deep Space Mysteries,Technology,2024-11-09,129,3.3,Desktop,Asia
6759,Paul Rudd,The Great Adventure,Technology,2024-10-02,262,1.9,Tablet,Asia
6456,Don Cheadle,History of the World,Technology,2024-03-03,279,4.4,Tablet,Africa
4449,Tom Holland,Science and Innovation,Self-Help,2023-12-25,89,5.0,Tablet,South America
8091,Chris Hemsworth,The Fantasy Realm,Technology,2023-07-06,50,3.0,Tablet,Africa
1336,Sebastian Stan,Mystery of the Lost Island,Science,2025-01-14,30,2.1,Mobile,Europe
2612,Paul Rudd,Science and Innovation,Self-Help,2023-12-02,151,1.9,Mobile,Australia
4123,Samuel L. Jackson,History of the World,Science,2024-09-17,41,3.1,Desktop,Europe
5369,Brie Larson,The Great Adventure,Self-Help,2024-04-21,192,1.5,Desktop,South America
7969,Benedict Wong,The Fantasy Realm,Technology,2024-12-03,55,2.3,Desktop,North America
2042,Tom Holland,The Great Adventure,Science,2023-12-09,187,2.5,Tablet,Australia
7587,Brie Larson,Learning Python,History,2023-03-18,142,2.4,Desktop,Africa
2463,Tom Hiddleston,Deep Space Mysteries,Science,2023-03-27,48,3.5,Tablet,Australia
1256,Don Cheadle,History of the World,History,2023-07-07,255,1.7,Mobile,South America
6566,Benedict Cumberbatch,Learning Python,Self-Help,2024-12-03,204,1.3,Tablet,Europe
3664,Chadwick Boseman,Business Strategies,Fantasy,2024-03-30,209,2.9,Mobile,North America
8369,Mark Ruffalo,History of the World,Non-Fiction,2024-09-03,35,2.2,Desktop,Africa
4892,Tom Hiddleston,History of the World,Fantasy,2023-10-25,165,1.1,Desktop,Europe
5888,Zoe Saldana,Science and Innovation,Fiction,2023-04-10,154,2.4,Tablet,Australia
9304,Scarlett Johansson,Self-Improvement Guide,Fantasy,2024-08-08,272,4.5,Desktop,South America
1183,Paul Rudd,Science and Innovation,Biography,2023-11-28,106,3.4,Tablet,North America
5001,Zoe Saldana,Learning Python,Biography,2024-12-23,131,3.1,Mobile,North America
6778,Anthony Mackie,Biography of a Genius,Science,2025-03-01,153,1.4,Tablet,Australia
5172,Chris Evans,Deep Space Mysteries,Technology,2024-01-12,173,2.2,Tablet,South America
4956,Zoe Saldana,The Great Adventure,Technology,2023-12-04,234,2.8,Mobile,South America
7762,Sebastian Stan,Self-Improvement Guide,Biography,2024-06-09,80,2.7,Mobile,Europe
8839,Benedict Cumberbatch,The Fantasy Realm,Mystery,2024-10-31,202,3.0,Desktop,South America
3852,Zoe Saldana,Science and Innovation,History,2024-06-25,183,2.2,Mobile,Europe
9974,Samuel L. Jackson,Mystery of the Lost Island,Biography,2023-09-27,254,4.4,Desktop,Australia
4083,Sebastian Stan,History of the World,Science,2024-05-09,116,3.8,Mobile,South America
4912,Chris Evans,Self-Improvement Guide,Technology,2023-05-22,138,4.6,Desktop,South America
1908,Dave Bautista,The Fantasy Realm,Fantasy,2024-11-14,195,3.1,Mobile,South America
7563,Don Cheadle,Deep Space Mysteries,Fiction,2024-04-04,286,2.2,Desktop,Australia
2215,Paul Rudd,Learning Python,Mystery,2023-09-01,31,2.6,Desktop,South America
8038,Paul Rudd,Learning Python,Technology,2024-04-18,155,3.4,Tablet,Africa
9055,Zoe Saldana,The Future of AI,Fantasy,2024-08-08,299,1.7,Tablet,Africa
3262,Tom Hiddleston,The Future of AI,Self-Help,2025-02-21,109,1.3,Mobile,Europe
5009,Sebastian Stan,The Future of AI,Mystery,2024-05-09,201,2.1,Mobile,South America
1742,Chris Hemsworth,Mystery of the Lost Island,Biography,2024-06-19,117,2.6,Mobile,North America
4671,Sebastian Stan,The Future of AI,Technology,2024-10-23,69,4.6,Mobile,Africa
8541,Samuel L. Jackson,The Great Adventure,Technology,2024-04-29,114,3.0,Mobile,Africa
3838,Sebastian Stan,Business Strategies,History,2023-04-30,177,4.8,Desktop,Africa
6509,Paul Rudd,Business Strategies,Fiction,2024-03-05,106,2.2,Tablet,Australia
4204,Chadwick Boseman,Self-Improvement Guide,Fantasy,2024-01-15,183,2.8,Tablet,Europe
6135,Brie Larson,The Future of AI,Non-Fiction,2025-01-08,172,1.6,Desktop,South America
8266,Chadwick Boseman,The Future of AI,Non-Fiction,2024-05-19,151,2.8,Mobile,Australia
2649,Chris Hemsworth,Mystery of the Lost Island,Self-Help,2023-05-09,252,4.5,Mobile,North America
6416,Scarlett Johansson,The Fantasy Realm,Fiction,2023-03-17,15,4.2,Desktop,South America
3111,Anthony Mackie,Business Strategies,Fantasy,2025-01-19,79,4.2,Mobile,Africa
8597,Benedict Wong,The Fantasy Realm,Technology,2023-10-26,34,4.3,Tablet,North America
3675,Benedict Wong,Mystery of the Lost Island,Mystery,2023-09-15,20,4.4,Mobile,Asia
4171,Chadwick Boseman,Deep Space Mysteries,Non-Fiction,2023-04-11,55,4.1,Mobile,Asia
5648,Tom Hiddleston,The Future of AI,Self-Help,2024-10-08,103,1.4,Tablet,South America
4317,Brie Larson,The Future of AI,Non-Fiction,2024-10-22,162,4.4,Mobile,Europe
8352,Jeremy Renner,Science and Innovation,Biography,2025-01-29,130,4.9,Mobile,Asia
3910,Tom Hiddleston,The Great Adventure,Fiction,2024-09-21,17,1.8,Tablet,South America
2963,Chris Hemsworth,The Great Adventure,Self-Help,2023-10-11,103,1.3,Tablet,South America
4360,Anthony Mackie,Science and Innovation,Technology,2025-02-26,164,2.6,Mobile,Africa
7896,Samuel L. Jackson,History of the World,Non-Fiction,2024-08-12,29,3.2,Desktop,North America
9278,Benedict Cumberbatch,The Future of AI,Science,2023-04-10,260,3.4,Mobile,Asia
1142,Chris Hemsworth,Mystery of the Lost Island,Mystery,2023-03-26,299,1.3,Mobile,Australia
8218,Jeremy Renner,The Future of AI,Fantasy,2024-05-13,141,3.0,Mobile,South America
9097,Sebastian Stan,Deep Space Mysteries,Fantasy,2023-04-16,19,1.7,Mobile,Asia
2795,Benedict Wong,Biography of a Genius,Biography,2023-10-03,148,2.6,Mobile,Australia
3734,Anthony Mackie,The Future of AI,Fantasy,2023-10-17,288,2.5,Desktop,Asia
5637,Scarlett Johansson,The Fantasy Realm,Mystery,2023-06-04,74,3.2,Tablet,Asia
3062,Dave Bautista,The Fantasy Realm,Self-Help,2024-02-10,260,1.4,Tablet,Africa
2397,Robert Downey Jr.,Deep Space Mysteries,Fiction,2023-11-09,77,2.0,Tablet,Europe
5915,Mark Ruffalo,History of the World,Fiction,2023-08-21,67,4.0,Mobile,South America
1419,Sebastian Stan,History of the World,Fiction,2023-12-19,55,2.4,Tablet,Asia
1734,Jeremy Renner,Business Strategies,Mystery,2023-07-31,72,2.2,Tablet,Europe
4941,Benedict Cumberbatch,The Future of AI,Biography,2023-11-11,299,4.1,Tablet,Europe
7018,Samuel L. Jackson,The Future of AI,Fiction,2024-02-04,95,4.6,Desktop,Asia
8647,Elizabeth Olsen,Mystery of the Lost Island,Biography,2023-10-06,39,3.6,Tablet,Africa
5766,Chris Evans,Deep Space Mysteries,Technology,2023-12-08,157,4.6,Mobile,South America
5902,Chadwick Boseman,The Fantasy Realm,Technology,2023-03-13,235,2.0,Mobile,South America
5295,Elizabeth Olsen,The Fantasy Realm,Non-Fiction,2024-01-30,217,5.0,Desktop,Europe
5796,Don Cheadle,The Fantasy Realm,Fiction,2024-11-04,285,1.9,Tablet,South America
1360,Benedict Cumberbatch,Mystery of the Lost Island,Science,2024-09-25,234,3.6,Mobile,Asia
1255,Samuel L. Jackson,The Future of AI,Fiction,2024-05-18,240,3.2,Mobile,South America
4017,Chris Hemsworth,Biography of a Genius,Fiction,2024-03-10,221,3.8,Tablet,Europe
6601,Zoe Saldana,Science and Innovation,Science,2024-06-25,186,2.7,Mobile,Australia
7065,Elizabeth Olsen,Business Strategies,Non-Fiction,2023-10-25,97,2.0,Tablet,Europe
1978,Benedict Wong,Mystery of the Lost Island,Mystery,2025-01-05,275,4.2,Tablet,Australia
6999,Mark Ruffalo,The Great Adventure,Fantasy,2024-06-09,138,2.7,Mobile,Australia
3647,Anthony Mackie,Biography of a Genius,Mystery,2024-03-14,37,2.0,Mobile,South America
2829,Benedict Wong,Self-Improvement Guide,History,2024-06-24,276,2.0,Desktop,South America
9043,Mark Ruffalo,Biography of a Genius,Technology,2024-05-16,252,3.4,Tablet,Australia
7821,Chadwick Boseman,The Future of AI,Science,2023-11-03,250,4.2,Mobile,Europe
5874,Chris Hemsworth,Biography of a Genius,Technology,2023-06-20,68,1.5,Desktop,Asia
1699,Mark Ruffalo,History of the World,Fiction,2024-06-14,233,1.9,Mobile,South America
8593,Chris Hemsworth,Deep Space Mysteries,History,2023-08-12,86,4.4,Tablet,Australia
9169,Brie Larson,Deep Space Mysteries,Biography,2024-04-24,242,3.8,Mobile,Africa
8123,Mark Ruffalo,Self-Improvement Guide,Mystery,2024-03-29,96,3.3,Tablet,Asia
6874,Tom Hiddleston,Science and Innovation,Fantasy,2023-04-08,217,1.7,Tablet,Australia
6436,Jeremy Renner,The Future of AI,Fantasy,2024-02-04,291,3.7,Tablet,Europe
1574,Sebastian Stan,History of the World,Self-Help,2023-09-07,24,4.7,Mobile,South America
2926,Sebastian Stan,Learning Python,Non-Fiction,2025-01-21,31,1.4,Desktop,Europe
8505,Scarlett Johansson,Deep Space Mysteries,Fantasy,2024-02-02,7,3.6,Desktop,Europe
5504,Tom Holland,History of the World,Technology,2024-05-22,76,3.3,Tablet,South America
9061,Benedict Wong,The Great Adventure,History,2023-12-16,64,1.2,Tablet,Africa
4039,Tom Holland,Science and Innovation,Mystery,2024-02-07,80,4.5,Tablet,Asia
5458,Jeremy Renner,History of the World,Technology,2024-12-22,165,1.5,Tablet,Australia
8622,Chris Hemsworth,Self-Improvement Guide,Biography,2024-10-01,135,3.8,Mobile,Asia
4702,Samuel L. Jackson,Biography of a Genius,Self-Help,2023-10-30,17,2.2,Mobile,South America
5205,Scarlett Johansson,Self-Improvement Guide,Mystery,2023-03-31,15,1.7,Desktop,North America
7793,Chris Evans,The Future of AI,History,2024-01-25,20,1.9,Mobile,Europe
3611,Scarlett Johansson,Deep Space Mysteries,Science,2023-03-04,10,4.8,Mobile,Australia
7415,Chris Evans,History of the World,Fantasy,2024-06-10,203,2.2,Desktop,Africa
7144,Benedict Wong,The Fantasy Realm,Fiction,2023-08-05,139,2.9,Tablet,Australia
2923,Paul Rudd,Business Strategies,Technology,2023-07-23,210,2.0,Mobile,Europe
2384,Jeremy Renner,Learning Python,Mystery,2023-07-03,269,1.3,Mobile,North America
6712,Anthony Mackie,Learning Python,Self-Help,2023-09-19,239,4.2,Desktop,Asia
3258,Benedict Cumberbatch,The Fantasy Realm,Fantasy,2023-12-05,77,4.1,Tablet,Asia
9205,Dave Bautista,Business Strategies,Fiction,2024-06-17,22,1.8,Tablet,South America
1390,Don Cheadle,The Future of AI,Non-Fiction,2024-06-17,137,2.0,Tablet,Australia
1573,Elizabeth Olsen,Learning Python,Self-Help,2024-08-11,145,2.7,Desktop,Asia
9455,Tom Holland,The Great Adventure,Fiction,2023-08-29,120,4.8,Mobile,Asia
4430,Jeremy Renner,Business Strategies,Non-Fiction,2024-11-06,126,1.4,Tablet,North America
4710,Samuel L. Jackson,Self-Improvement Guide,History,2024-04-19,228,1.1,Mobile,Africa
4400,Benedict Wong,Deep Space Mysteries,Fantasy,2024-06-28,37,4.5,Mobile,Africa
8679,Mark Ruffalo,Science and Innovation,Mystery,2023-06-07,151,3.9,Desktop,Europe
3983,Paul Rudd,Business Strategies,Fantasy,2024-04-30,214,3.2,Tablet,Australia
8173,Samuel L. Jackson,History of the World,Fantasy,2024-09-02,64,2.2,Tablet,South America
1159,Zoe Saldana,Self-Improvement Guide,Science,2024-02-15,160,4.7,Desktop,Australia
4137,Elizabeth Olsen,The Fantasy Realm,Science,2023-07-04,100,3.2,Desktop,North America
5998,Scarlett Johansson,Biography of a Genius,Fantasy,2024-10-16,98,1.8,Tablet,Australia
6868,Benedict Cumberbatch,History of the World,Mystery,2023-12-27,140,4.0,Desktop,Africa
2299,Benedict Cumberbatch,The Future of AI,Technology,2024-11-12,117,4.8,Desktop,North America
3015,Tom Holland,Biography of a Genius,Biography,2025-01-22,256,2.0,Tablet,Australia
3907,Benedict Wong,History of the World,Fantasy,2024-10-19,97,2.7,Tablet,Australia
7456,Robert Downey Jr.,Self-Improvement Guide,Self-Help,2024-12-04,165,4.3,Tablet,Europe
5745,Benedict Cumberbatch,The Great Adventure,Fantasy,2024-02-18,143,1.6,Mobile,South America
1698,Zoe Saldana,Science and Innovation,Mystery,2024-11-15,262,1.8,Desktop,North America
4550,Chadwick Boseman,Learning Python,Technology,2024-06-24,125,2.2,Mobile,Europe
3102,Benedict Cumberbatch,Business Strategies,Fantasy,2025-02-27,79,3.9,Tablet,South America
1453,Jeremy Renner,History of the World,Mystery,2024-11-16,168,4.7,Desktop,Australia
2713,Tom Hiddleston,The Fantasy Realm,Mystery,2024-11-02,17,3.3,Mobile,Asia
3545,Elizabeth Olsen,Science and Innovation,Fantasy,2024-02-04,150,3.0,Mobile,South America
8264,Samuel L. Jackson,The Future of AI,Technology,2023-08-25,36,4.1,Tablet,South America
8487,Mark Ruffalo,Biography of a Genius,History,2023-09-23,124,5.0,Mobile,Africa
5128,Benedict Cumberbatch,Mystery of the Lost Island,Mystery,2023-11-25,75,3.7,Tablet,Asia
1225,Benedict Wong,Self-Improvement Guide,Fiction,2024-03-09,225,3.0,Mobile,Australia
1665,Samuel L. Jackson,The Future of AI,Mystery,2023-05-16,41,4.8,Desktop,Australia
6915,Tom Holland,The Future of AI,Non-Fiction,2024-05-05,195,4.8,Tablet,Australia
9930,Chris Hemsworth,The Fantasy Realm,Technology,2024-06-09,54,2.8,Desktop,Asia
7673,Tom Hiddleston,History of the World,Fantasy,2024-10-09,161,3.1,Tablet,North America
1866,Tom Hiddleston,The Great Adventure,Science,2023-10-31,177,4.0,Desktop,South America
8117,Scarlett Johansson,Business Strategies,Mystery,2024-10-23,221,2.2,Tablet,Africa
1499,Chris Evans,Mystery of the Lost Island,Self-Help,2023-08-26,186,2.4,Desktop,South America
5984,Dave Bautista,Science and Innovation,Self-Help,2023-05-04,212,2.1,Mobile,Australia
3794,Mark Ruffalo,Science and Innovation,Fantasy,2025-02-18,197,3.4,Tablet,North America
3551,Samuel L. Jackson,Biography of a Genius,Science,2023-08-20,273,4.5,Tablet,Australia
1110,Samuel L. Jackson,Business Strategies,Biography,2023-10-14,215,3.3,Mobile,North America
1252,Scarlett Johansson,History of the World,Mystery,2024-03-27,289,2.8,Mobile,Asia
9950,Sebastian Stan,Learning Python,Technology,2024-02-23,192,1.2,Tablet,Europe
9469,Don Cheadle,The Future of AI,Technology,2024-10-25,263,3.7,Mobile,Europe
1124,Paul Rudd,Deep Space Mysteries,Non-Fiction,2024-08-01,128,2.9,Mobile,Europe
9206,Brie Larson,The Great Adventure,Mystery,2024-01-05,286,2.3,Tablet,Australia
2182,Tom Holland,Business Strategies,Fantasy,2023-03-05,32,1.4,Mobile,Asia
8157,Jeremy Renner,Self-Improvement Guide,Biography,2024-11-28,132,1.9,Mobile,Australia
7170,Dave Bautista,Self-Improvement Guide,Mystery,2024-07-23,290,4.9,Mobile,Europe
3110,Tom Hiddleston,The Great Adventure,Technology,2023-04-04,140,4.4,Mobile,Europe
1828,Robert Downey Jr.,The Great Adventure,Mystery,2024-09-14,146,2.7,Mobile,South America
6389,Sebastian Stan,Mystery of the Lost Island,Self-Help,2023-03-18,266,4.3,Mobile,Europe
7238,Benedict Cumberbatch,The Future of AI,Non-Fiction,2023-04-04,193,4.5,Mobile,Asia
6453,Tom Hiddleston,The Fantasy Realm,History,2023-08-06,196,3.2,Mobile,North America
5493,Jeremy Renner,Learning Python,Mystery,2024-03-02,281,2.9,Mobile,Asia
4159,Dave Bautista,The Future of AI,Technology,2023-04-07,187,2.6,Desktop,Europe
4444,Scarlett Johansson,The Future of AI,Non-Fiction,2023-11-20,157,3.3,Tablet,Europe
3700,Brie Larson,Science and Innovation,Technology,2023-12-03,93,2.0,Tablet,Asia
6395,Chris Evans,The Great Adventure,Non-Fiction,2024-09-07,46,4.7,Tablet,Australia
7936,Zoe Saldana,Business Strategies,Fiction,2024-02-19,111,4.5,Mobile,Europe
2719,Scarlett Johansson,Learning Python,History,2023-07-30,290,4.9,Tablet,Australia
3763,Brie Larson,The Great Adventure,Non-Fiction,2023-04-07,179,1.1,Desktop,Australia
6942,Sebastian Stan,Deep Space Mysteries,Science,2024-04-24,101,3.0,Tablet,Asia
6397,Tom Hiddleston,Science and Innovation,Self-Help,2023-03-21,244,2.7,Mobile,Africa
2662,Chadwick Boseman,Self-Improvement Guide,Technology,2024-03-13,112,4.1,Tablet,North America
8496,Dave Bautista,The Great Adventure,Science,2023-11-26,276,4.0,Tablet,Africa
3855,Samuel L. Jackson,The Future of AI,Technology,2024-06-07,265,2.4,Mobile,Europe
3018,Chris Hemsworth,The Great Adventure,Self-Help,2024-02-22,16,2.6,Tablet,Asia
2578,Scarlett Johansson,Biography of a Genius,Mystery,2024-12-10,229,2.6,Desktop,Asia
6641,Brie Larson,Learning Python,Mystery,2024-02-17,107,4.6,Mobile,Australia
1921,Dave Bautista,Science and Innovation,Non-Fiction,2024-07-05,121,2.8,Tablet,North America
3100,Elizabeth Olsen,Learning Python,Fantasy,2023-08-05,258,2.3,Desktop,North America
6616,Tom Holland,Mystery of the Lost Island,Technology,2023-07-02,261,1.8,Desktop,Africa
1315,Scarlett Johansson,Biography of a Genius,History,2023-05-04,122,4.8,Desktop,Europe
2271,Chris Hemsworth,History of the World,Self-Help,2024-02-07,58,1.5,Desktop,Africa
3275,Robert Downey Jr.,Self-Improvement Guide,Fantasy,2023-05-18,103,4.6,Desktop,Australia
9478,Benedict Cumberbatch,Biography of a Genius,History,2023-08-16,268,4.4,Mobile,South America
8999,Paul Rudd,Science and Innovation,History,2023-08-26,72,3.5,Desktop,Asia
5884,Scarlett Johansson,Science and Innovation,Non-Fiction,2023-12-05,254,1.3,Tablet,Africa
3399,Sebastian Stan,History of the World,History,2023-07-01,126,2.7,Desktop,Europe
7423,Mark Ruffalo,Deep Space Mysteries,Non-Fiction,2024-11-16,180,4.8,Desktop,South America
3694,Paul Rudd,The Fantasy Realm,Non-Fiction,2024-08-02,41,3.1,Desktop,Asia
6770,Dave Bautista,Biography of a Genius,Fantasy,2024-08-26,118,3.1,Desktop,Australia
3781,Zoe Saldana,The Fantasy Realm,Biography,2023-10-23,177,2.1,Mobile,South America
6454,Chris Hemsworth,The Fantasy Realm,Biography,2023-08-18,294,2.3,Tablet,North America
6587,Robert Downey Jr.,Deep Space Mysteries,Technology,2024-12-26,218,3.2,Tablet,Europe
4567,Benedict Wong,The Fantasy Realm,History,2024-04-30,20,4.5,Tablet,South America
4383,Robert Downey Jr.,Deep Space Mysteries,Biography,2024-08-20,254,6.0,Mobile,Asia
7553,Chadwick Boseman,Deep Space Mysteries,Self-Help,2024-07-13,13,4.8,Mobile,Australia
9493,Jeremy Renner,Learning Python,Biography,2023-06-01,88,1.1,Mobile,Europe
2881,Tom Holland,Learning Python,Technology,2024-12-04,6,4.8,Desktop,Europe
3853,Brie Larson,Biography of a Genius,Mystery,2024-09-16,177,2.0,Tablet,North America
4632,Tom Holland,Science and Innovation,Mystery,2024-01-29,251,3.7,Tablet,South America
2564,Robert Downey Jr.,Biography of a Genius,Technology,2024-02-01,50,1.6,Tablet,South America
3370,Elizabeth Olsen,The Great Adventure,Mystery,2024-06-01,249,2.4,Mobile,Europe
9814,Scarlett Johansson,Business Strategies,History,2024-05-19,254,1.4,Mobile,Africa
5060,Chris Evans,History of the World,Biography,2024-09-27,233,4.0,Mobile,North America
6608,Mark Ruffalo,Biography of a Genius,Science,2024-01-10,264,2.4,Mobile,Africa
4512,Jeremy Renner,Mystery of the Lost Island,History,2023-05-17,145,4.8,Desktop,Asia
8249,Samuel L. Jackson,Biography of a Genius,Fantasy,2024-04-15,255,2.6,Tablet,South America
7506,Brie Larson,Self-Improvement Guide,Technology,2024-05-17,108,1.5,Tablet,Australia
8906,Jeremy Renner,Science and Innovation,Self-Help,2024-05-04,37,4.2,Desktop,Australia
9830,Benedict Wong,Biography of a Genius,Technology,2023-07-26,293,4.4,Desktop,Australia
4388,Chadwick Boseman,History of the World,History,2025-03-01,97,4.4,Mobile,Australia
9209,Dave Bautista,The Fantasy Realm,Fantasy,2024-05-07,102,4.7,Mobile,South America
6179,Benedict Wong,Self-Improvement Guide,Self-Help,2024-09-10,117,4.3,Tablet,Africa
3941,Anthony Mackie,Mystery of the Lost Island,Non-Fiction,2023-08-17,211,3.7,Mobile,Asia
1091,Robert Downey Jr.,Deep Space Mysteries,Fiction,2024-08-27,205,1.2,Desktop,Europe
2661,Benedict Wong,The Future of AI,Mystery,2025-01-01,221,2.5,Mobile,Africa
8664,Robert Downey Jr.,The Fantasy Realm,Technology,2024-01-02,211,2.4,Desktop,North America
5004,Dave Bautista,Business Strategies,Science,2024-07-11,199,2.7,Tablet,Australia
9650,Brie Larson,Business Strategies,Biography,2023-05-30,41,1.6,Desktop,Asia
2367,Brie Larson,The Future of AI,Mystery,2024-08-14,234,3.3,Desktop,Africa
8731,Dave Bautista,Deep Space Mysteries,Science,2024-11-06,210,4.3,Desktop,Asia
7158,Elizabeth Olsen,The Great Adventure,Fantasy,2024-01-01,133,4.9,Desktop,Europe
4932,Tom Hiddleston,Science and Innovation,History,2024-09-21,115,4.2,Mobile,Asia
8617,Don Cheadle,Learning Python,Science,2023-04-06,249,2.1,Mobile,Africa
7605,Sebastian Stan,History of the World,Biography,2024-05-25,104,1.6,Tablet,Africa
3037,Chris Hemsworth,Biography of a Genius,Fiction,2023-07-02,260,2.9,Tablet,North America
1263,Jeremy Renner,Mystery of the Lost Island,Biography,2024-06-10,33,1.3,Mobile,South America
9991,Chris Hemsworth,The Future of AI,Fiction,2024-07-23,87,2.8,Tablet,Australia
1515,Anthony Mackie,The Fantasy Realm,Biography,2024-06-29,266,3.4,Desktop,South America
5342,Benedict Wong,The Great Adventure,Fantasy,2024-07-09,108,2.1,Tablet,South America
1728,Robert Downey Jr.,Mystery of the Lost Island,Fantasy,2023-07-04,123,2.2,Desktop,Asia
1363,Chris Hemsworth,The Great Adventure,Biography,2023-11-22,250,3.0,Tablet,South America
2798,Dave Bautista,Deep Space Mysteries,Biography,2024-07-10,163,2.1,Tablet,South America
7770,Mark Ruffalo,Biography of a Genius,History,2024-08-09,73,1.1,Tablet,North America
5028,Anthony Mackie,Learning Python,Mystery,2023-08-06,219,4.0,Mobile,Australia
7212,Chadwick Boseman,Deep Space Mysteries,Technology,2024-07-25,98,3.9,Mobile,Europe
2210,Jeremy Renner,Business Strategies,Biography,2024-12-12,247,1.4,Desktop,Africa
5618,Benedict Wong,History of the World,Mystery,2024-10-30,111,2.3,Mobile,Europe
1341,Tom Holland,Biography of a Genius,Non-Fiction,2023-06-04,23,4.2,Mobile,Asia
3293,Samuel L. Jackson,History of the World,Biography,2024-06-28,194,2.3,Tablet,Europe
2740,Dave Bautista,History of the World,Science,2023-12-23,274,4.4,Desktop,South America
3352,Zoe Saldana,Biography of a Genius,Self-Help,2024-05-02,227,4.3,Desktop,North America
4393,Sebastian Stan,The Great Adventure,History,2023-09-28,136,1.7,Mobile,Australia
2809,Elizabeth Olsen,Deep Space Mysteries,Fantasy,2023-09-29,23,2.3,Tablet,South America
3649,Elizabeth Olsen,The Great Adventure,Technology,2024-10-08,119,3.9,Desktop,Australia
6749,Benedict Wong,Business Strategies,Technology,2023-04-11,255,1.3,Mobile,Africa
7199,Zoe Saldana,Science and Innovation,Biography,2023-06-27,56,2.3,Tablet,Australia
3239,Don Cheadle,The Future of AI,Technology,2023-10-11,211,2.3,Mobile,North America
4724,Benedict Wong,History of the World,Biography,2024-09-25,134,4.7,Tablet,Australia
1689,Chris Hemsworth,Learning Python,History,2024-05-16,119,1.8,Mobile,Australia
2706,Elizabeth Olsen,History of the World,Mystery,2024-09-26,47,2.1,Desktop,Australia
3613,Dave Bautista,Biography of a Genius,Mystery,2024-01-27,201,4.4,Desktop,North America
5916,Chadwick Boseman,History of the World,Science,2024-08-04,63,2.0,Desktop,North America
7992,Dave Bautista,Deep Space Mysteries,Non-Fiction,2023-05-06,279,3.7,Tablet,Australia
3439,Chris Evans,The Fantasy Realm,Self-Help,2023-11-20,146,3.1,Tablet,Africa
9081,Brie Larson,The Great Adventure,Fiction,2024-12-19,43,1.1,Mobile,North America
1162,Elizabeth Olsen,Deep Space Mysteries,Self-Help,2023-06-03,232,4.1,Mobile,Europe
6816,Jeremy Renner,Business Strategies,Science,2024-11-01,138,1.7,Desktop,North America
6419,Tom Holland,Self-Improvement Guide,Self-Help,2023-06-12,52,3.7,Mobile,Europe
6846,Chadwick Boseman,Learning Python,Technology,2024-07-27,228,1.2,Tablet,South America
6055,Chris Hemsworth,Learning Python,Non-Fiction,2025-02-27,118,1.0,Desktop,North America
8100,Tom Hiddleston,The Future of AI,History,2025-02-03,226,3.7,Tablet,Europe
5896,Dave Bautista,Business Strategies,Biography,2025-02-18,205,1.7,Tablet,Europe
8030,Anthony Mackie,The Fantasy Realm,Mystery,2024-11-07,165,4.4,Mobile,Australia
6219,Sebastian Stan,The Great Adventure,Biography,2023-11-01,13,1.3,Tablet,South America
7334,Brie Larson,Science and Innovation,Science,2024-06-28,22,3.6,Tablet,Africa
5729,Elizabeth Olsen,Business Strategies,Fantasy,2023-08-18,200,4.6,Desktop,Africa
3150,Paul Rudd,Biography of a Genius,History,2024-05-02,39,2.1,Tablet,Australia
6263,Chadwick Boseman,The Future of AI,Fiction,2023-07-06,211,2.1,Tablet,Australia
7824,Tom Hiddleston,Business Strategies,Fiction,2023-06-22,100,2.4,Mobile,South America
4266,Elizabeth Olsen,History of the World,Technology,2024-03-07,64,1.5,Desktop,Europe
5040,Samuel L. Jackson,The Great Adventure,Non-Fiction,2023-08-20,20,2.7,Mobile,South America
3469,Chris Hemsworth,Business Strategies,Non-Fiction,2023-09-09,82,1.2,Tablet,South America
5201,Benedict Cumberbatch,Deep Space Mysteries,Science,2024-03-27,57,1.4,Mobile,North America
5337,Chris Evans,Business Strategies,Fiction,2024-11-16,207,4.0,Desktop,North America
1931,Tom Holland,Self-Improvement Guide,Fantasy,2023-04-25,201,2.0,Desktop,North America
1481,Tom Holland,The Future of AI,Fantasy,2023-05-01,245,1.4,Desktop,Africa
8018,Jeremy Renner,The Fantasy Realm,Biography,2023-12-02,296,3.8,Desktop,Africa
1352,Chris Evans,Business Strategies,Technology,2024-09-26,173,2.4,Mobile,Asia
4427,Benedict Wong,Mystery of the Lost Island,History,2024-03-05,229,3.0,Desktop,North America
4993,Benedict Cumberbatch,Deep Space Mysteries,Non-Fiction,2023-06-19,145,3.3,Tablet,Africa
2770,Brie Larson,The Great Adventure,Self-Help,2023-11-10,139,4.1,Tablet,South America
8816,Dave Bautista,History of the World,Biography,2023-04-23,196,4.1,Mobile,South America
3255,Mark Ruffalo,Biography of a Genius,Mystery,2023-04-05,142,3.8,Desktop,Asia
1867,Tom Hiddleston,The Fantasy Realm,Fantasy,2023-08-05,104,2.7,Tablet,Asia
6371,Don Cheadle,History of the World,Non-Fiction,2025-01-09,127,2.1,Tablet,Africa
9104,Samuel L. Jackson,The Fantasy Realm,Non-Fiction,2023-03-19,219,1.6,Tablet,Asia
4859,Dave Bautista,Deep Space Mysteries,Biography,2024-01-31,146,1.1,Desktop,North America
2033,Chris Hemsworth,Mystery of the Lost Island,Biography,2024-07-24,289,2.3,Tablet,North America
2316,Don Cheadle,History of the World,Fantasy,2024-07-05,130,3.8,Desktop,Asia
5900,Chadwick Boseman,Deep Space Mysteries,Fantasy,2023-10-23,146,1.5,Desktop,Europe
1988,Dave Bautista,Learning Python,Non-Fiction,2024-03-15,97,3.1,Tablet,Australia
3658,Benedict Cumberbatch,The Future of AI,Self-Help,2024-07-16,231,4.7,Mobile,Australia
8111,Samuel L. Jackson,Biography of a Genius,Mystery,2023-03-04,108,4.0,Mobile,North America
3180,Tom Holland,Mystery of the Lost Island,History,2024-01-03,107,1.5,Desktop,Africa
6166,Chris Hemsworth,Business Strategies,Mystery,2024-04-06,67,3.1,Desktop,Africa
3598,Robert Downey Jr.,Self-Improvement Guide,Non-Fiction,2023-05-27,184,1.0,Tablet,Europe
8743,Brie Larson,The Fantasy Realm,History,2023-04-11,197,2.1,Mobile,Asia
1889,Robert Downey Jr.,Biography of a Genius,Science,2024-01-18,90,1.2,Mobile,North America
5112,Dave Bautista,History of the World,Fiction,2025-02-17,211,5.0,Desktop,North America
5052,Benedict Wong,Biography of a Genius,Mystery,2023-07-03,222,2.7,Mobile,North America
2240,Elizabeth Olsen,Biography of a Genius,Technology,2024-05-03,71,1.5,Mobile,Europe
4250,Tom Holland,History of the World,Mystery,2023-12-24,124,2.3,Tablet,South America
6929,Brie Larson,Self-Improvement Guide,Fiction,2023-04-06,283,3.7,Mobile,South America
1826,Jeremy Renner,The Future of AI,Mystery,2025-02-06,183,2.7,Tablet,South America
5471,Mark Ruffalo,Mystery of the Lost Island,Science,2025-01-10,14,4.5,Desktop,Asia
2026,Chris Hemsworth,Biography of a Genius,Technology,2024-01-03,26,1.6,Mobile,North America
2180,Samuel L. Jackson,Science and Innovation,Fiction,2023-10-01,164,4.1,Desktop,South America
4867,Samuel L. Jackson,Learning Python,Technology,2023-07-01,210,1.4,Desktop,South America
6595,Chris Hemsworth,The Great Adventure,Self-Help,2024-06-12,192,1.7,Tablet,Australia
9335,Zoe Saldana,The Fantasy Realm,Mystery,2024-06-27,126,2.6,Tablet,Europe
6490,Tom Holland,Self-Improvement Guide,Mystery,2024-01-19,12,2.7,Desktop,Africa
9250,Sebastian Stan,Biography of a Genius,Fantasy,2023-12-09,161,3.2,Tablet,Asia
2924,Dave Bautista,The Future of AI,Non-Fiction,2025-02-11,280,4.5,Tablet,South America
8865,Chris Evans,Biography of a Genius,Mystery,2023-03-21,167,3.3,Mobile,Asia
4121,Don Cheadle,Science and Innovation,Non-Fiction,2024-12-16,207,4.2,Desktop,Australia
2396,Benedict Wong,Biography of a Genius,Fantasy,2024-07-14,220,2.1,Mobile,South America
1797,Tom Holland,Self-Improvement Guide,Fiction,2024-12-02,43,1.6,Tablet,Africa
7755,Zoe Saldana,Biography of a Genius,History,2025-01-05,74,3.2,Tablet,Europe
7959,Brie Larson,The Future of AI,Technology,2024-10-29,60,5.0,Tablet,North America
5014,Chris Evans,The Fantasy Realm,History,2024-09-17,154,4.6,Mobile,Asia
4244,Anthony Mackie,The Fantasy Realm,History,2023-06-08,183,4.4,Tablet,Asia
9480,Anthony Mackie,Business Strategies,Fantasy,2024-07-12,119,2.7,Desktop,Europe
8660,Don Cheadle,Business Strategies,Fantasy,2024-09-07,220,3.3,Tablet,North America
5910,Don Cheadle,The Future of AI,Self-Help,2023-04-16,72,4.9,Desktop,South America
7094,Tom Holland,Learning Python,Fantasy,2023-06-30,200,1.9,Mobile,Africa
4515,Benedict Wong,Self-Improvement Guide,Mystery,2023-09-23,37,2.3,Mobile,Asia
8905,Chris Hemsworth,Science and Innovation,Biography,2024-06-19,282,3.6,Mobile,Australia
1430,Chris Hemsworth,Deep Space Mysteries,Biography,2023-07-17,40,3.8,Desktop,Australia
7830,Brie Larson,Mystery of the Lost Island,Non-Fiction,2023-06-20,256,2.8,Mobile,Europe
3817,Benedict Wong,Mystery of the Lost Island,Technology,2024-06-30,290,3.5,Desktop,Europe
8797,Dave Bautista,Science and Innovation,History,2024-11-14,199,3.4,Tablet,Europe
3876,Chris Evans,Business Strategies,Self-Help,2023-06-26,206,1.6,Tablet,Africa
6680,Chris Hemsworth,The Future of AI,Biography,2024-05-07,164,3.0,Mobile,Europe
5869,Elizabeth Olsen,Business Strategies,Science,2024-08-28,238,2.1,Tablet,South America
9540,Benedict Cumberbatch,Business Strategies,Biography,2023-06-07,74,1.4,Tablet,South America
4788,Dave Bautista,Biography of a Genius,Technology,2024-04-22,171,4.9,Desktop,North America
7353,Don Cheadle,Deep Space Mysteries,Fantasy,2024-08-07,86,3.7,Desktop,North America
2716,Paul Rudd,Learning Python,Non-Fiction,2024-05-29,291,1.4,Mobile,Australia
6702,Scarlett Johansson,Deep Space Mysteries,History,2024-10-21,90,1.5,Tablet,Europe
4085,Robert Downey Jr.,Deep Space Mysteries,Fantasy,2024-07-18,19,1.6,Mobile,Asia
3478,Robert Downey Jr.,Biography of a Genius,Self-Help,2025-01-10,249,2.4,Mobile,Asia
3324,Mark Ruffalo,The Fantasy Realm,Biography,2023-07-07,274,2.9,Desktop,Europe
6718,Anthony Mackie,The Great Adventure,Fiction,2023-09-26,176,2.0,Mobile,South America
9216,Elizabeth Olsen,Deep Space Mysteries,Technology,2023-06-01,295,3.4,Tablet,Asia
6150,Don Cheadle,Science and Innovation,Biography,2024-12-12,11,4.6,Desktop,Asia
3404,Zoe Saldana,Deep Space Mysteries,Fantasy,2024-10-30,98,2.9,Tablet,North America
9088,Anthony Mackie,Business Strategies,Fantasy,2023-04-04,232,2.1,Desktop,North America
7616,Samuel L. Jackson,The Fantasy Realm,Self-Help,2025-03-01,296,4.5,Tablet,Africa
2615,Tom Holland,History of the World,History,2023-05-30,259,1.8,Tablet,South America
5728,Chris Evans,Self-Improvement Guide,Science,2023-06-13,134,2.1,Tablet,North America
1501,Robert Downey Jr.,History of the World,Self-Help,2023-10-01,191,4.8,Mobile,North America
9434,Samuel L. Jackson,Science and Innovation,Biography,2023-10-15,276,3.3,Desktop,Europe
9727,Benedict Cumberbatch,Mystery of the Lost Island,Biography,2024-08-06,183,1.0,Mobile,Asia
7256,Tom Hiddleston,Biography of a Genius,Technology,2023-11-16,242,2.3,Mobile,Australia
1504,Dave Bautista,Learning Python,Science,2024-08-02,201,4.4,Mobile,Australia
3213,Chadwick Boseman,The Future of AI,Fantasy,2023-06-17,119,3.2,Mobile,South America
5588,Paul Rudd,The Great Adventure,Technology,2023-09-21,194,4.4,Tablet,Asia
3068,Paul Rudd,Science and Innovation,History,2024-03-12,250,4.6,Desktop,Asia
3482,Elizabeth Olsen,Deep Space Mysteries,Fiction,2024-04-11,106,2.3,Tablet,North America
6691,Tom Holland,Biography of a Genius,Fantasy,2023-11-05,229,4.9,Desktop,North America
7767,Tom Holland,Deep Space Mysteries,Science,2024-05-14,96,3.0,Tablet,Africa
3148,Don Cheadle,Science and Innovation,Non-Fiction,2023-08-03,103,2.6,Tablet,South America
8347,Tom Hiddleston,Biography of a Genius,Fantasy,2024-11-21,15,3.8,Tablet,Asia
8799,Paul Rudd,Mystery of the Lost Island,Fiction,2024-10-12,286,4.1,Mobile,Asia
3328,Robert Downey Jr.,Self-Improvement Guide,Mystery,2024-05-10,250,1.2,Mobile,Asia
9034,Benedict Cumberbatch,The Great Adventure,Technology,2024-07-04,214,4.6,Desktop,Africa
3563,Anthony Mackie,Deep Space Mysteries,Science,2024-08-22,30,3.2,Desktop,Australia
3754,Tom Hiddleston,Biography of a Genius,Self-Help,2024-08-15,168,3.0,Desktop,Africa
6921,Chris Evans,Self-Improvement Guide,Self-Help,2023-04-25,177,3.0,Mobile,North America
8071,Chadwick Boseman,Learning Python,Non-Fiction,2024-09-03,80,1.3,Mobile,Africa
6735,Paul Rudd,Mystery of the Lost Island,History,2024-01-01,12,2.9,Mobile,North America
3167,Elizabeth Olsen,Deep Space Mysteries,Fantasy,2025-02-01,16,3.1,Desktop,North America
3268,Brie Larson,Deep Space Mysteries,Non-Fiction,2023-07-31,264,2.0,Tablet,Asia
4364,Dave Bautista,Science and Innovation,History,2024-03-05,180,4.4,Tablet,Europe
6613,Chadwick Boseman,Self-Improvement Guide,Fantasy,2024-11-24,174,2.7,Desktop,Asia
2085,Benedict Wong,Learning Python,Fiction,2023-07-29,242,4.2,Desktop,Australia
3043,Chris Hemsworth,The Great Adventure,Mystery,2023-07-12,81,2.4,Tablet,Africa
1437,Anthony Mackie,Business Strategies,Technology,2023-07-17,185,4.9,Desktop,Asia
7448,Mark Ruffalo,Deep Space Mysteries,Science,2025-02-21,99,1.9,Mobile,Europe
5539,Robert Downey Jr.,The Fantasy Realm,Fiction,2024-02-04,251,3.4,Desktop,Asia
4302,Elizabeth Olsen,Biography of a Genius,Technology,2024-04-14,81,4.4,Desktop,Africa
1308,Paul Rudd,The Fantasy Realm,Science,2023-07-26,134,4.2,Mobile,South America
9203,Chadwick Boseman,Biography of a Genius,Non-Fiction,2023-08-08,291,4.2,Tablet,Africa
9045,Paul Rudd,The Fantasy Realm,Fiction,2023-12-26,5,3.6,Mobile,North America
2126,Brie Larson,The Great Adventure,Fiction,2023-05-25,29,1.9,Desktop,Europe
3411,Sebastian Stan,Self-Improvement Guide,Self-Help,2024-06-07,281,4.3,Desktop,Europe
6600,Elizabeth Olsen,Learning Python,Biography,2024-10-13,214,3.9,Mobile,Australia
4241,Chris Evans,Self-Improvement Guide,Science,2024-09-22,210,2.1,Desktop,South America
7298,Don Cheadle,Learning Python,Fantasy,2023-06-13,211,4.8,Tablet,South America
5336,Sebastian Stan,Business Strategies,Self-Help,2023-08-07,127,1.4,Desktop,Asia
3316,Anthony Mackie,Biography of a Genius,Fantasy,2024-08-26,17,3.7,Desktop,Australia
9422,Samuel L. Jackson,Biography of a Genius,Science,2024-12-13,202,3.8,Tablet,Europe
3998,Benedict Cumberbatch,Learning Python,Technology,2024-04-02,48,4.5,Desktop,North America
6358,Samuel L. Jackson,Self-Improvement Guide,Non-Fiction,2024-04-08,277,1.3,Tablet,Europe
2865,Chris Evans,History of the World,History,2024-12-21,180,3.5,Mobile,Africa
5547,Elizabeth Olsen,History of the World,Mystery,2024-11-05,251,4.5,Desktop,Australia
3367,Samuel L. Jackson,Mystery of the Lost Island,Mystery,2024-06-06,253,1.6,Tablet,Africa
2419,Chris Evans,Self-Improvement Guide,Non-Fiction,2023-11-26,176,3.4,Mobile,Asia
6631,Tom Hiddleston,The Great Adventure,Non-Fiction,2025-01-31,73,2.7,Tablet,Europe
9337,Elizabeth Olsen,Biography of a Genius,Self-Help,2023-10-21,109,2.6,Tablet,South America
6663,Benedict Wong,Biography of a Genius,Fantasy,2023-12-25,296,4.4,Mobile,Australia
7042,Benedict Cumberbatch,The Future of AI,Technology,2024-08-20,94,4.6,Mobile,Australia
7200,Brie Larson,Mystery of the Lost Island,Science,2024-10-22,139,1.9,Mobile,Asia
8916,Benedict Cumberbatch,The Fantasy Realm,Fiction,2023-10-18,62,2.6,Mobile,North America
8403,Jeremy Renner,Self-Improvement Guide,Fantasy,2024-01-12,15,2.9,Mobile,South America
4863,Robert Downey Jr.,Science and Innovation,Mystery,2023-05-29,65,2.0,Desktop,North America
4720,Don Cheadle,Self-Improvement Guide,Science,2024-07-21,111,4.4,Mobile,Asia
8299,Elizabeth Olsen,Self-Improvement Guide,Fantasy,2024-11-07,97,2.8,Tablet,Africa
8468,Benedict Wong,Business Strategies,Biography,2023-08-10,175,4.8,Desktop,North America
6204,Dave Bautista,Business Strategies,Technology,2023-09-20,147,2.0,Tablet,Australia
3012,Mark Ruffalo,Science and Innovation,Fiction,2024-11-23,105,3.8,Desktop,South America
2824,Elizabeth Olsen,Biography of a Genius,Technology,2024-03-17,243,2.5,Tablet,Africa
6241,Tom Hiddleston,Science and Innovation,Self-Help,2024-11-04,213,3.4,Tablet,Australia
1176,Scarlett Johansson,Self-Improvement Guide,Non-Fiction,2024-10-23,144,2.4,Tablet,Africa
4110,Tom Holland,The Future of AI,Fiction,2025-02-07,235,1.2,Mobile,Africa
9628,Jeremy Renner,Biography of a Genius,Biography,2024-09-11,189,4.8,Tablet,Africa
2206,Elizabeth Olsen,History of the World,Technology,2023-09-24,253,2.6,Desktop,Asia
5437,Tom Holland,Biography of a Genius,Fantasy,2024-06-09,230,2.5,Desktop,Africa
9666,Zoe Saldana,Deep Space Mysteries,Fiction,2023-11-11,84,2.8,Desktop,South America
5603,Mark Ruffalo,Deep Space Mysteries,Non-Fiction,2023-05-03,63,1.2,Mobile,South America
7345,Chadwick Boseman,The Great Adventure,Technology,2024-07-29,190,1.1,Tablet,North America
8356,Anthony Mackie,Business Strategies,Self-Help,2023-11-15,88,2.3,Tablet,Asia
7816,Paul Rudd,The Great Adventure,History,2024-11-27,17,2.6,Tablet,Africa
1621,Dave Bautista,Learning Python,Technology,2023-10-22,162,3.8,Desktop,Europe
9189,Chris Evans,Deep Space Mysteries,Fantasy,2024-05-27,178,2.7,Tablet,Asia
1298,Chris Evans,History of the World,Science,2024-07-28,72,2.3,Mobile,Asia
9718,Jeremy Renner,The Great Adventure,History,2024-08-22,277,1.4,Mobile,North America
4104,Sebastian Stan,Self-Improvement Guide,Mystery,2024-02-05,170,1.2,Tablet,North America
5447,Don Cheadle,Deep Space Mysteries,Biography,2023-05-11,52,2.8,Mobile,Australia
2068,Dave Bautista,The Fantasy Realm,Non-Fiction,2024-01-13,295,4.8,Mobile,Africa
6993,Samuel L. Jackson,The Great Adventure,Science,2023-05-01,64,1.6,Tablet,Asia
4717,Benedict Wong,Mystery of the Lost Island,Science,2024-10-21,248,4.8,Desktop,South America
3580,Robert Downey Jr.,Mystery of the Lost Island,Fantasy,2023-04-19,48,3.4,Tablet,North America
8168,Benedict Wong,Learning Python,Self-Help,2023-08-12,233,1.9,Mobile,Africa
1972,Elizabeth Olsen,Deep Space Mysteries,Biography,2024-10-08,64,3.4,Mobile,Africa
3579,Paul Rudd,Business Strategies,Mystery,2023-09-10,155,2.1,Tablet,South America
7182,Don Cheadle,Biography of a Genius,History,2025-02-14,73,2.6,Tablet,South America
5814,Don Cheadle,The Future of AI,Technology,2025-03-03,136,3.5,Desktop,Europe
5025,Chadwick Boseman,Deep Space Mysteries,Mystery,2024-02-09,215,4.7,Desktop,Europe
5448,Elizabeth Olsen,Deep Space Mysteries,Fiction,2023-10-25,197,1.8,Desktop,North America
2794,Elizabeth Olsen,Business Strategies,Fantasy,2023-06-26,99,4.2,Mobile,Australia
3289,Zoe Saldana,The Fantasy Realm,Fantasy,2024-04-18,170,1.6,Tablet,Australia
8279,Benedict Cumberbatch,Deep Space Mysteries,Self-Help,2024-03-25,76,5.0,Desktop,North America
7810,Sebastian Stan,The Future of AI,Fiction,2024-09-03,137,2.5,Mobile,Europe
7831,Robert Downey Jr.,Mystery of the Lost Island,History,2023-12-04,184,2.5,Mobile,North America
5904,Sebastian Stan,History of the World,Biography,2023-04-16,274,4.1,Tablet,South America
3922,Chris Hemsworth,Science and Innovation,Fiction,2024-04-04,237,4.0,Mobile,Asia
9646,Scarlett Johansson,Business Strategies,Self-Help,2025-01-30,91,3.4,Desktop,North America
9921,Paul Rudd,Biography of a Genius,Science,2023-10-19,49,3.1,Tablet,North America
7071,Don Cheadle,Learning Python,Technology,2023-06-27,206,4.2,Desktop,South America
3205,Sebastian Stan,Self-Improvement Guide,Self-Help,2024-10-21,127,3.7,Mobile,Asia
3569,Scarlett Johansson,History of the World,Self-Help,2023-04-07,234,1.9,Mobile,Australia
6324,Tom Hiddleston,Learning Python,Non-Fiction,2025-01-24,245,4.0,Mobile,Asia
4385,Samuel L. Jackson,The Future of AI,Technology,2023-05-08,294,4.3,Desktop,Australia
4301,Don Cheadle,Deep Space Mysteries,Fantasy,2024-06-08,159,3.9,Desktop,North America
2228,Paul Rudd,Self-Improvement Guide,Biography,2023-10-02,106,3.2,Mobile,South America
4924,Samuel L. Jackson,Deep Space Mysteries,Mystery,2024-05-18,11,2.8,Tablet,North America
1537,Zoe Saldana,Deep Space Mysteries,Fantasy,2024-05-11,276,3.6,Desktop,Africa
3486,Paul Rudd,Learning Python,Technology,2024-03-02,284,2.6,Mobile,North America
4653,Chris Evans,History of the World,History,2023-07-07,137,2.2,Desktop,Africa
5903,Chadwick Boseman,Business Strategies,Self-Help,2023-04-03,17,2.3,Desktop,Europe
4192,Brie Larson,The Fantasy Realm,Science,2024-04-08,220,1.0,Tablet,Australia
4928,Don Cheadle,The Fantasy Realm,Non-Fiction,2023-03-24,8,2.8,Tablet,South America
6138,Scarlett Johansson,Deep Space Mysteries,Fiction,2024-09-15,100,2.9,Desktop,Australia
5585,Dave Bautista,Mystery of the Lost Island,Non-Fiction,2023-07-24,259,3.3,Desktop,Europe
6570,Samuel L. Jackson,Mystery of the Lost Island,Technology,2025-01-02,276,1.9,Desktop,Australia
5400,Zoe Saldana,The Future of AI,Biography,2025-02-18,18,2.7,Desktop,Europe
2954,Don Cheadle,The Future of AI,Self-Help,2023-04-17,118,2.6,Tablet,South America
7545,Tom Hiddleston,Business Strategies,Mystery,2023-10-04,198,2.1,Desktop,South America
2034,Chadwick Boseman,Biography of a Genius,Mystery,2023-08-05,202,4.8,Tablet,Australia
7981,Zoe Saldana,History of the World,Biography,2023-04-28,173,1.1,Desktop,South America
2889,Elizabeth Olsen,Deep Space Mysteries,Mystery,2024-04-27,66,1.0,Desktop,Australia
8661,Benedict Wong,The Future of AI,Technology,2023-03-28,137,4.9,Tablet,Asia
5689,Robert Downey Jr.,The Great Adventure,Science,2024-03-26,247,1.2,Desktop,North America
6251,Mark Ruffalo,Business Strategies,Fiction,2023-03-08,291,4.7,Mobile,Australia
8297,Dave Bautista,Self-Improvement Guide,Self-Help,2024-10-30,140,3.2,Mobile,North America
3260,Tom Hiddleston,The Fantasy Realm,Mystery,2024-03-17,176,1.1,Mobile,North America
4011,Tom Holland,Biography of a Genius,Fiction,2025-02-14,8,4.0,Tablet,Asia
6899,Scarlett Johansson,Business Strategies,Technology,2023-08-22,203,2.9,Desktop,Europe
1401,Chris Hemsworth,Business Strategies,Non-Fiction,2024-12-21,210,4.1,Tablet,North America
1842,Chris Hemsworth,Mystery of the Lost Island,Non-Fiction,2024-01-17,43,1.0,Tablet,North America
4485,Jeremy Renner,Business Strategies,Fiction,2023-03-22,109,3.0,Tablet,South America
7527,Dave Bautista,The Future of AI,Non-Fiction,2023-10-12,119,2.7,Desktop,South America
3697,Elizabeth Olsen,Self-Improvement Guide,Biography,2023-03-18,180,2.0,Desktop,South America
9070,Samuel L. Jackson,History of the World,Biography,2023-11-03,153,2.7,Tablet,Europe
4965,Anthony Mackie,Science and Innovation,Non-Fiction,2024-09-01,123,3.4,Mobile,Australia
5557,Don Cheadle,The Great Adventure,Technology,2024-12-17,213,2.3,Tablet,North America
3281,Chadwick Boseman,Business Strategies,Biography,2023-03-13,280,2.5,Mobile,Asia
3527,Tom Hiddleston,Deep Space Mysteries,Self-Help,2024-07-29,232,2.2,Tablet,Europe
2488,Anthony Mackie,The Fantasy Realm,Fantasy,2024-01-19,188,1.0,Tablet,Africa
8744,Chadwick Boseman,Science and Innovation,Fantasy,2023-07-14,37,4.8,Mobile,Europe
7102,Dave Bautista,The Future of AI,Biography,2023-11-29,160,2.9,Desktop,Asia
9183,Elizabeth Olsen,Biography of a Genius,Non-Fiction,2024-04-14,50,2.9,Desktop,South America
4531,Benedict Wong,Self-Improvement Guide,History,2023-11-15,276,1.0,Desktop,Europe
7709,Don Cheadle,Learning Python,Non-Fiction,2024-05-24,296,4.9,Tablet,Asia
5997,Jeremy Renner,The Fantasy Realm,Science,2023-11-10,214,2.9,Desktop,North America
1382,Benedict Wong,Self-Improvement Guide,Science,2024-09-05,291,3.9,Desktop,Asia
4002,Tom Hiddleston,Science and Innovation,Fiction,2024-08-16,84,3.7,Desktop,South America
8088,Mark Ruffalo,The Future of AI,Non-Fiction,2024-09-23,195,1.1,Desktop,Australia
5345,Paul Rudd,Deep Space Mysteries,History,2024-10-07,235,1.2,Mobile,Africa
8445,Tom Holland,Self-Improvement Guide,Non-Fiction,2023-12-13,178,1.1,Mobile,Australia
1949,Tom Hiddleston,The Fantasy Realm,Fiction,2025-02-15,56,3.0,Desktop,Europe
5926,Tom Hiddleston,Mystery of the Lost Island,Biography,2024-04-17,122,3.7,Mobile,Europe
2399,Jeremy Renner,The Future of AI,Science,2024-05-19,265,3.0,Tablet,Africa
7429,Chadwick Boseman,Biography of a Genius,Technology,2024-06-19,264,4.2,Desktop,Australia
9754,Tom Hiddleston,Science and Innovation,Non-Fiction,2023-08-29,187,2.3,Tablet,Australia
7903,Zoe Saldana,The Future of AI,Self-Help,2024-11-13,205,2.0,Mobile,Africa
9713,Mark Ruffalo,Deep Space Mysteries,Biography,2025-01-31,13,1.2,Tablet,Africa
8777,Chris Hemsworth,The Great Adventure,Self-Help,2023-05-06,16,4.8,Mobile,North America
8371,Mark Ruffalo,Business Strategies,Science,2023-11-11,191,4.3,Tablet,South America
4760,Chadwick Boseman,Self-Improvement Guide,Technology,2023-04-01,158,4.1,Tablet,Europe
7811,Paul Rudd,Deep Space Mysteries,Technology,2024-06-09,17,3.2,Mobile,Africa
4709,Brie Larson,Deep Space Mysteries,Science,2023-07-11,73,1.9,Desktop,Africa
4170,Benedict Wong,The Great Adventure,Self-Help,2023-09-16,69,2.8,Tablet,Europe
2585,Benedict Wong,Business Strategies,Fiction,2024-05-19,60,2.5,Mobile,Africa
4362,Elizabeth Olsen,Learning Python,Biography,2024-02-26,219,4.6,Tablet,South America
6452,Jeremy Renner,Biography of a Genius,Self-Help,2024-10-26,56,2.2,Desktop,South America
6949,Robert Downey Jr.,Deep Space Mysteries,Fantasy,2024-01-18,298,1.3,Mobile,Africa
1053,Brie Larson,Biography of a Genius,History,2024-06-25,32,4.1,Desktop,Africa
6777,Chris Hemsworth,Mystery of the Lost Island,Non-Fiction,2023-03-05,21,2.8,Desktop,South America
7020,Dave Bautista,Biography of a Genius,Fantasy,2024-08-07,254,4.8,Mobile,Australia
4129,Mark Ruffalo,The Great Adventure,History,2024-05-07,194,2.5,Desktop,Africa
4239,Robert Downey Jr.,The Future of AI,Science,2024-08-06,42,2.2,Desktop,Africa
8471,Sebastian Stan,History of the World,History,2025-02-02,50,2.1,Mobile,Australia
7167,Elizabeth Olsen,Science and Innovation,Fiction,2024-05-02,16,2.0,Tablet,Europe
6363,Benedict Cumberbatch,Business Strategies,Science,2024-03-08,163,4.3,Mobile,Africa
9729,Sebastian Stan,Mystery of the Lost Island,Biography,2023-10-10,205,1.1,Mobile,Europe
3687,Scarlett Johansson,The Fantasy Realm,Non-Fiction,2023-07-29,100,3.1,Tablet,Europe
